Date,Open,High,Low,Close,Volume,Adj Close
2006-01-03,38.880001,40.34,38.799999,40.110001,6533200,10.0275
2006-01-04,40.119999,41.0,39.549999,40.16,6247200,10.04
2006-01-05,40.25,40.75,38.720001,38.790001,7966000,9.6975
2006-01-06,39.25,39.77,39.0,39.759998,3710800,9.94
2006-01-09,40.880001,41.950001,40.34,41.099998,5560400,10.275
2006-01-10,41.23,41.349998,40.599998,41.029999,3557600,10.2575
2006-01-11,40.099998,40.220001,39.209999,39.439999,5183200,9.86
2006-01-12,39.5,40.25,39.259998,39.650002,2355600,9.9125
2006-01-13,39.990002,40.18,38.849998,38.959999,1798800,9.74
2006-01-17,38.889999,39.029999,38.0,38.91,2906800,9.7275
2006-01-18,38.700001,40.150002,38.360001,39.939999,2492800,9.985
2006-01-19,40.240002,40.43,39.599998,39.740002,2078000,9.935
2006-01-20,39.860001,40.18,39.09,40.049999,2306400,10.0125
2006-01-23,40.34,41.0,40.169998,40.810001,3169600,10.2025
2006-01-24,41.0,43.360001,41.0,42.849998,5442800,10.7125
2006-01-25,43.139999,43.5,42.209999,43.34,2406800,10.835
2006-01-26,43.560001,44.93,43.5,44.450001,4619200,11.1125
2006-01-27,44.68,45.0,43.869999,44.529999,3406000,11.1325
2006-01-30,44.75,46.439999,44.5,45.869999,3445600,11.4675
2006-01-31,46.0,46.580002,45.75,46.139999,2442000,11.535
2006-02-01,45.799999,46.57,45.66,46.119999,3031200,11.53
2006-02-02,46.509998,46.740002,45.099998,45.5,3310000,11.375
2006-02-03,45.330002,46.130001,45.119999,45.18,1643200,11.295
2006-02-06,45.220001,45.349998,44.560001,45.279999,1418400,11.32
2006-02-07,45.279999,45.75,44.84,45.27,2165600,11.3175
2006-02-08,45.27,45.279999,43.560001,43.830002,2615200,10.9575
2006-02-09,44.02,44.630001,43.66,43.990002,1926800,10.9975
2006-02-10,43.759998,43.990002,43.150002,43.830002,1190000,10.9575
2006-02-13,43.720001,43.759998,42.59,42.700001,1636000,10.675
2006-02-14,42.950001,44.439999,42.849998,44.200001,1535600,11.05
2006-02-15,44.400002,44.98,43.82,44.810001,1060800,11.2025
2006-02-16,45.040001,45.040001,44.0,44.5,1151200,11.125
2006-02-17,44.330002,44.720001,43.0,43.439999,1690000,10.86
2006-02-21,43.27,44.099998,42.889999,43.349998,2058400,10.8375
2006-02-22,43.490002,44.540001,43.259998,44.41,1474000,11.1025
2006-02-23,44.220001,44.939999,43.650002,44.84,1942800,11.21
2006-02-24,44.950001,44.990002,43.860001,44.029999,1491200,11.0075
2006-02-27,44.279999,45.0,44.029999,44.450001,1725200,11.1125
2006-02-28,44.5,44.5,43.0,43.18,1865200,10.795
2006-03-01,43.18,44.610001,43.18,44.380001,1448800,11.095
2006-03-02,44.43,44.43,42.099998,42.709999,6186000,10.6775
2006-03-03,42.509998,43.459999,42.380001,42.810001,2009200,10.7025
2006-03-06,42.810001,43.169998,42.310001,42.75,2568800,10.6875
2006-03-07,42.75,42.75,40.900002,41.619999,6284000,10.405
2006-03-08,42.189999,43.09,41.060001,42.630001,5831200,10.6575
2006-03-09,42.75,43.970001,42.740002,43.25,3386000,10.8125
2006-03-10,43.299999,43.990002,43.279999,43.740002,1265200,10.935
2006-03-13,43.939999,44.32,43.5,43.639999,2172800,10.91
2006-03-14,43.889999,44.080002,42.93,43.82,1299200,10.955
2006-03-15,43.880001,44.75,43.880001,44.549999,1696000,11.1375
2006-03-16,44.869999,44.950001,44.16,44.43,1494000,11.1075
2006-03-17,44.950001,45.439999,44.25,45.290001,2749600,11.3225
2006-03-20,45.43,46.240002,45.200001,46.169998,2282800,11.5425
2006-03-21,47.349998,47.59,45.57,47.349998,6306000,11.8375
2006-03-22,47.639999,48.0,47.0,47.959999,2527200,11.99
2006-03-23,48.0,48.0,46.599998,47.330002,4074000,11.8325
2006-03-24,47.02,47.349998,46.66,47.040001,2226400,11.76
2006-03-27,47.23,47.66,46.560001,47.18,2979200,11.795
2006-03-28,47.150002,47.919998,46.709999,47.310001,2615600,11.8275
2006-03-29,47.5,47.830002,47.07,47.650002,1346400,11.9125
2006-03-30,47.939999,48.360001,46.799999,47.080002,2410000,11.77
2006-03-31,47.080002,48.080002,47.02,47.950001,1646400,11.9875
2006-04-03,24.08,24.690001,23.65,23.83,2718200,11.915
2006-04-04,23.92,24.42,23.26,24.379999,1974600,12.19
2006-04-05,24.559999,24.76,24.120001,24.49,2889800,12.245
2006-04-06,24.5,24.99,24.4,24.879999,2698200,12.44
2006-04-07,25.0,25.389999,24.700001,25.040001,1640000,12.52
2006-04-10,25.32,25.32,24.6,24.77,1796000,12.385
2006-04-11,24.85,24.870001,24.0,24.190001,2296400,12.095
2006-04-12,24.110001,24.49,24.040001,24.200001,803200,12.1
2006-04-13,24.24,24.450001,23.92,24.17,2803000,12.085
2006-04-17,24.120001,24.889999,24.07,24.49,1664400,12.245
2006-04-18,24.67,25.26,24.52,25.25,1134000,12.625
2006-04-19,25.5,26.309999,25.41,26.27,2768600,13.135
2006-04-20,26.379999,26.790001,25.82,26.290001,2662600,13.145
2006-04-21,26.52,26.52,25.41,25.74,1239600,12.87
2006-04-24,25.68,26.4,25.129999,26.15,1619800,13.075
2006-04-25,26.120001,26.209999,25.639999,25.76,1645000,12.88
2006-04-26,25.85,25.93,25.51,25.75,1137600,12.875
2006-04-27,25.51,26.16,25.360001,25.379999,1156400,12.69
2006-04-28,25.440001,25.5,25.08,25.290001,1374400,12.645
2006-05-01,25.530001,27.620001,25.530001,27.129999,3575400,13.565
2006-05-02,25.940001,27.0,25.93,26.98,3033000,13.49
2006-05-03,27.25,28.09,26.379999,27.0,2716000,13.5
2006-05-04,27.049999,27.07,26.0,26.5,2258400,13.25
2006-05-05,26.620001,26.68,26.299999,26.34,1413400,13.17
2006-05-08,26.219999,26.379999,25.75,25.879999,1791600,12.94
2006-05-09,25.790001,26.639999,25.76,26.389999,1480200,13.195
2006-05-10,26.450001,26.92,26.18,26.469999,992000,13.235
2006-05-11,26.639999,26.82,25.559999,25.610001,994800,12.805
2006-05-12,25.26,25.5,23.66,24.379999,2954200,12.19
2006-05-15,24.01,24.309999,23.370001,23.82,2471400,11.91
2006-05-16,23.74,24.370001,23.74,24.120001,1301200,12.06
2006-05-17,23.9,24.25,22.700001,23.120001,2761200,11.56
2006-05-18,23.120001,23.65,22.74,22.82,1497000,11.41
2006-05-19,22.799999,23.32,22.76,23.120001,1596200,11.56
2006-05-22,22.799999,22.91,22.09,22.57,3293200,11.285
2006-05-23,22.719999,23.1,22.4,22.559999,1571400,11.28
2006-05-24,22.5,22.940001,22.02,22.639999,1604800,11.32
2006-05-25,22.879999,23.09,22.43,22.83,1233600,11.415
2006-05-26,22.799999,23.190001,22.6,23.0,813600,11.5
2006-05-30,23.02,23.02,21.16,21.42,3449600,10.71
2006-05-31,21.639999,23.85,21.25,23.389999,3640400,11.695
2006-06-01,25.290001,26.84,25.23,26.190001,9431800,13.095
2006-06-02,26.4,26.42,24.700001,25.33,3998200,12.665
2006-06-05,25.209999,25.75,24.75,24.790001,2087400,12.395
2006-06-06,24.950001,25.200001,23.790001,24.639999,3486200,12.32
2006-06-07,24.639999,25.48,24.549999,24.68,1696800,12.34
2006-06-08,24.48,24.799999,23.1,24.030001,3255400,12.015
2006-06-09,24.110001,24.450001,23.9,23.99,1137000,11.995
2006-06-12,24.120001,24.120001,22.77,22.889999,1711200,11.445
2006-06-13,22.77,22.77,21.790001,22.209999,2233600,11.105
2006-06-14,22.129999,22.84,22.09,22.690001,2218000,11.345
2006-06-15,22.889999,24.25,22.85,24.059999,3072600,12.03
2006-06-16,23.99,24.0,23.1,23.34,2503800,11.67
2006-06-19,23.469999,23.77,23.040001,23.190001,2223200,11.595
2006-06-20,23.25,23.700001,23.1,23.33,1843800,11.665
2006-06-21,23.299999,24.25,23.200001,24.030001,1359400,12.015
2006-06-22,24.0,24.040001,23.549999,23.75,1450000,11.875
2006-06-23,23.790001,24.26,23.66,24.18,1405200,12.09
2006-06-26,24.32,24.879999,24.26,24.74,1779000,12.37
2006-06-27,24.870001,25.24,24.52,24.549999,2129600,12.275
2006-06-28,24.77,25.02,23.969999,24.309999,1312600,12.155
2006-06-29,24.52,25.219999,24.120001,25.129999,2041400,12.565
2006-06-30,25.32,25.91,25.129999,25.35,1836000,12.675
2006-07-03,25.540001,25.790001,25.360001,25.48,773200,12.74
2006-07-05,25.26,25.549999,24.200001,24.77,1734200,12.385
2006-07-06,25.02,25.02,23.809999,24.07,2036800,12.035
2006-07-07,24.1,24.43,23.5,23.790001,1605600,11.895
2006-07-10,23.85,25.129999,23.76,24.99,2162400,12.495
2006-07-11,24.950001,25.129999,24.34,24.969999,1378000,12.485
2006-07-12,24.98,25.27,24.32,24.5,1899400,12.25
2006-07-13,24.389999,25.01,23.75,24.360001,2821200,12.18
2006-07-14,24.25,24.360001,23.59,23.610001,1735600,11.805
2006-07-17,23.48,24.35,23.32,24.16,1937800,12.08
2006-07-18,24.41,24.469999,23.049999,23.42,2749000,11.71
2006-07-19,23.0,23.75,22.299999,23.450001,3995800,11.725
2006-07-20,23.540001,23.6,22.85,22.879999,1239000,11.44
2006-07-21,22.84,23.33,21.780001,21.889999,1802000,10.945
2006-07-24,21.860001,22.9,21.85,22.73,1777200,11.365
2006-07-25,22.67,23.379999,22.360001,23.17,1421200,11.585
2006-07-26,23.049999,23.120001,21.85,21.93,2406800,10.965
2006-07-27,21.85,21.9,20.280001,20.610001,3960400,10.305
2006-07-28,20.610001,21.389999,20.33,20.98,3843000,10.49
2006-07-31,20.790001,21.959999,20.790001,21.58,2626400,10.79
2006-08-01,21.370001,21.709999,20.690001,21.09,3127800,10.545
2006-08-02,21.290001,22.18,20.620001,20.879999,4258800,10.44
2006-08-03,20.620001,22.84,20.09,22.280001,4152400,11.14
2006-08-04,22.629999,23.0,21.540001,21.74,1554600,10.87
2006-08-07,21.530001,22.040001,21.129999,22.02,1730000,11.01
2006-08-08,22.0,22.0,20.85,20.879999,2232600,10.44
2006-08-09,21.09,21.35,20.43,20.57,2224800,10.285
2006-08-10,20.41,21.469999,20.120001,21.17,1585600,10.585
2006-08-11,21.09,21.09,20.379999,20.51,1265200,10.255
2006-08-14,20.549999,20.85,20.41,20.58,1359800,10.29
2006-08-15,20.700001,20.9,20.280001,20.860001,1664600,10.43
2006-08-16,21.0,21.5,20.91,21.450001,2757400,10.725
2006-08-17,21.43,21.77,21.02,21.4,1463600,10.7
2006-08-18,21.49,21.49,20.76,21.120001,982600,10.56
2006-08-21,20.93,21.110001,20.459999,20.67,1304200,10.335
2006-08-22,20.57,20.709999,20.059999,20.120001,2048800,10.06
2006-08-23,19.110001,19.540001,18.129999,18.41,11078600,9.205
2006-08-24,18.4,18.41,17.33,17.83,6506800,8.915
2006-08-25,17.6,18.48,17.6,18.120001,2854800,9.06
2006-08-28,18.0,19.129999,18.0,18.65,3157600,9.325
2006-08-29,18.68,18.809999,18.200001,18.49,2793400,9.245
2006-08-30,18.4,18.9,18.190001,18.35,1815800,9.175
2006-08-31,18.0,18.190001,17.540001,17.65,5221800,8.825
2006-09-01,17.6,17.719999,17.23,17.450001,2748800,8.725
2006-09-05,17.33,17.51,17.209999,17.459999,2481400,8.73
2006-09-06,17.41,17.65,17.08,17.09,1855000,8.545
2006-09-07,17.030001,17.290001,16.91,16.99,3504400,8.495
2006-09-08,17.1,18.52,17.1,18.07,4487600,9.035
2006-09-11,17.870001,18.51,17.709999,18.299999,2288400,9.15
2006-09-12,18.25,19.540001,18.209999,19.219999,3228200,9.61
2006-09-13,19.52,19.76,19.18,19.610001,1912800,9.805
2006-09-14,19.5,19.6,18.790001,18.950001,2309200,9.475
2006-09-15,19.190001,19.200001,18.6,18.870001,2156600,9.435
2006-09-18,18.719999,20.129999,18.719999,19.639999,2608800,9.82
2006-09-19,19.74,19.83,19.18,19.690001,1876600,9.845
2006-09-20,19.9,20.82,19.870001,20.74,2802600,10.37
2006-09-21,20.6,20.719999,19.610001,19.799999,2997000,9.9
2006-09-22,19.860001,19.860001,19.18,19.559999,1981000,9.78
2006-09-25,19.809999,21.469999,19.719999,20.68,4029000,10.34
2006-09-26,21.1,21.950001,21.0,21.799999,5697400,10.9
2006-09-27,23.040001,23.379999,21.33,21.360001,7501800,10.68
2006-09-28,21.5,22.83,21.459999,22.82,4029800,11.41
2006-09-29,22.66,22.940001,21.719999,21.82,1815600,10.91
2006-10-02,21.690001,22.25,21.32,21.49,2293200,10.745
2006-10-03,21.35,21.700001,20.85,21.459999,2493000,10.73
2006-10-04,21.35,23.41,21.35,23.379999,3184200,11.69
2006-10-05,23.73,24.25,22.9,23.43,3918200,11.715
2006-10-06,23.049999,23.200001,22.559999,22.84,1554600,11.42
2006-10-09,22.709999,23.18,22.5,22.98,1151600,11.49
2006-10-10,22.92,22.99,22.360001,22.43,2279000,11.215
2006-10-11,22.25,22.5,21.73,21.99,2089000,10.995
2006-10-12,21.85,22.51,21.85,22.43,1879400,11.215
2006-10-13,22.48,22.51,22.01,22.09,1644600,11.045
2006-10-16,22.24,22.25,21.799999,22.219999,1464600,11.11
2006-10-17,22.0,22.129999,21.209999,21.969999,1853800,10.985
2006-10-18,22.030001,22.379999,21.530001,21.9,1275600,10.95
2006-10-19,21.889999,22.440001,21.559999,21.73,1546600,10.865
2006-10-20,21.83,22.07,21.52,21.91,790400,10.955
2006-10-23,21.790001,22.52,21.790001,22.290001,1063600,11.145
2006-10-24,22.110001,22.59,21.9,22.059999,924400,11.03
2006-10-25,21.99,22.18,21.200001,21.620001,1263400,10.81
2006-10-26,21.58,22.700001,21.58,22.610001,2475800,11.305
2006-10-27,22.540001,22.549999,21.459999,21.48,1428800,10.74
2006-10-30,21.43,22.16,21.280001,21.99,1078000,10.995
2006-10-31,21.969999,22.27,21.52,21.719999,1347800,10.86
2006-11-01,21.719999,22.27,21.719999,22.030001,2204000,11.015
2006-11-02,21.559999,21.690001,20.790001,21.35,1973600,10.675
2006-11-03,21.440001,21.700001,20.870001,21.27,1256400,10.635
2006-11-06,21.27,22.030001,21.17,21.860001,1625600,10.93
2006-11-07,21.799999,22.450001,21.67,21.93,1181600,10.965
2006-11-08,21.780001,22.440001,21.709999,22.290001,1305400,11.145
2006-11-09,22.370001,22.450001,21.52,21.57,1134600,10.785
2006-11-10,21.530001,22.450001,21.530001,22.379999,882800,11.19
2006-11-13,22.35,22.450001,21.370001,21.530001,1386000,10.765
2006-11-14,21.719999,22.26,21.389999,22.190001,1252000,11.095
2006-11-15,22.120001,22.5,21.92,22.23,1121600,11.115
2006-11-16,22.370001,22.370001,21.66,21.99,1253200,10.995
2006-11-17,21.969999,21.99,21.65,21.799999,902200,10.9
2006-11-20,21.709999,22.059999,21.629999,21.84,768000,10.92
2006-11-21,21.940001,22.200001,21.73,21.98,1177000,10.99
2006-11-22,21.9,22.15,21.860001,21.99,756000,10.995
2006-11-24,21.809999,22.190001,21.58,21.9,308400,10.95
2006-11-27,21.98,21.99,21.299999,21.32,1296600,10.66
2006-11-28,21.299999,21.57,20.48,20.5,3619400,10.25
2006-11-29,22.059999,24.84,21.75,24.459999,11834800,12.23
2006-11-30,24.139999,24.290001,23.5,24.24,3779600,12.12
2006-12-01,24.18,24.5,23.709999,24.26,2023600,12.13
2006-12-04,24.26,24.67,24.07,24.58,2026400,12.29
2006-12-05,24.719999,24.93,24.4,24.93,1957600,12.465
2006-12-06,24.799999,24.82,24.4,24.42,1880200,12.21
2006-12-07,24.379999,24.65,24.25,24.549999,2332000,12.275
2006-12-08,24.440001,24.530001,23.969999,23.98,1911200,11.99
2006-12-11,23.84,24.360001,23.629999,24.33,2418600,12.165
2006-12-12,24.389999,24.43,23.719999,24.16,1668600,12.08
2006-12-13,24.42,24.42,23.549999,23.75,1648800,11.875
2006-12-14,23.809999,24.18,23.719999,23.9,1705400,11.95
2006-12-15,23.92,24.459999,23.780001,23.93,2113800,11.965
2006-12-18,24.08,24.18,23.4,23.459999,1215400,11.73
2006-12-19,23.440001,23.59,23.0,23.27,1287600,11.635
2006-12-20,23.370001,23.459999,23.17,23.32,1299000,11.66
2006-12-21,23.200001,23.450001,22.809999,22.879999,940200,11.44
2006-12-22,22.940001,23.969999,22.92,23.870001,1166000,11.935
2006-12-26,23.950001,24.07,23.24,23.379999,913200,11.69
2006-12-27,23.6,23.91,23.459999,23.870001,899000,11.935
2006-12-28,23.799999,23.809999,23.200001,23.27,1340400,11.635
2006-12-29,23.18,23.780001,23.18,23.33,1118800,11.665
2007-01-03,23.41,24.610001,23.35,23.870001,2610600,11.935
2007-01-04,23.879999,24.65,23.6,23.99,3488000,11.995
2007-01-05,23.85,23.92,22.59,22.620001,2365000,11.31
2007-01-08,22.74,22.790001,22.1,22.18,2136800,11.09
2007-01-09,22.139999,22.43,21.639999,22.389999,2089400,11.195
2007-01-10,22.190001,23.26,22.110001,23.07,2707400,11.535
2007-01-11,23.25,23.9,23.1,23.799999,2016800,11.9
2007-01-12,23.76,23.76,23.360001,23.629999,1277600,11.815
2007-01-16,23.629999,23.700001,22.860001,23.02,1961600,11.51
2007-01-17,22.83,22.940001,22.309999,22.469999,1961600,11.235
2007-01-18,22.35,22.68,22.15,22.42,1554800,11.21
2007-01-19,22.42,22.5,22.09,22.469999,811800,11.235
2007-01-22,22.469999,22.49,21.9,21.959999,1162200,10.98
2007-01-23,21.940001,22.59,21.879999,22.52,1918000,11.26
2007-01-24,22.66,23.41,22.66,23.35,2033600,11.675
2007-01-25,23.389999,23.389999,22.629999,22.84,1189800,11.42
2007-01-26,22.780001,22.950001,22.290001,22.76,1371400,11.38
2007-01-29,22.6,23.02,22.6,22.799999,866400,11.4
2007-01-30,22.809999,22.809999,22.120001,22.32,3344000,11.16
2007-01-31,22.360001,22.57,22.18,22.530001,2425800,11.265
2007-02-01,23.5,23.559999,22.27,22.5,4024000,11.25
2007-02-02,22.719999,22.93,22.43,22.83,1517000,11.415
2007-02-05,22.25,22.6,22.120001,22.16,2087000,11.08
2007-02-06,22.09,22.469999,22.059999,22.190001,993400,11.095
2007-02-07,22.18,22.4,21.959999,22.01,1438200,11.005
2007-02-08,21.940001,22.15,21.879999,22.059999,1407800,11.03
2007-02-09,22.059999,22.15,21.110001,21.299999,2138200,10.65
2007-02-12,21.25,21.440001,20.82,20.91,2404000,10.455
2007-02-13,20.91,21.299999,20.91,21.209999,1829600,10.605
2007-02-14,21.25,21.450001,21.040001,21.26,2057400,10.63
2007-02-15,21.09,21.440001,21.09,21.41,1880400,10.705
2007-02-16,21.379999,21.450001,21.18,21.280001,1276800,10.64
2007-02-20,21.200001,21.629999,21.139999,21.559999,1361200,10.78
2007-02-21,21.51,21.530001,21.16,21.389999,2258800,10.695
2007-02-22,21.41,21.469999,21.0,21.280001,1516400,10.64
2007-02-23,21.190001,21.450001,21.15,21.35,1524800,10.675
2007-02-26,21.32,21.450001,21.129999,21.290001,1599000,10.645
2007-02-27,20.889999,21.15,20.34,20.35,2119200,10.175
2007-02-28,20.51,21.049999,20.15,21.02,2832000,10.51
2007-03-01,20.700001,21.17,20.08,20.809999,5646800,10.405
2007-03-02,20.42,20.709999,20.33,20.379999,2286200,10.19
2007-03-05,20.1,20.200001,19.52,19.6,3241200,9.8
2007-03-06,19.84,20.24,19.83,20.030001,1800800,10.015
2007-03-07,19.969999,20.139999,19.73,19.98,2615000,9.99
2007-03-08,20.09,20.360001,19.92,20.08,1733400,10.04
2007-03-09,20.1,20.190001,19.82,20.02,685000,10.01
2007-03-12,19.889999,20.16,19.879999,19.99,1574000,9.995
2007-03-13,19.83,19.83,19.129999,19.27,2658000,9.635
2007-03-14,19.209999,19.610001,18.9,19.6,2559200,9.8
2007-03-15,19.52,20.040001,19.440001,20.01,2013800,10.005
2007-03-16,19.98,20.09,19.74,19.889999,1778800,9.945
2007-03-19,19.860001,20.200001,19.75,20.040001,1561600,10.02
2007-03-20,20.049999,20.700001,20.030001,20.68,1467200,10.34
2007-03-21,20.620001,20.65,20.219999,20.559999,2583600,10.28
2007-03-22,20.41,20.59,19.969999,20.530001,2094400,10.265
2007-03-23,20.389999,20.99,20.25,20.969999,1575200,10.485
2007-03-26,20.889999,21.280001,20.889999,21.24,1754600,10.62
2007-03-27,21.17,21.200001,20.82,21.040001,1814400,10.52
2007-03-28,20.809999,21.059999,20.719999,20.950001,1398600,10.475
2007-03-29,21.08,21.18,20.67,21.059999,2009600,10.53
2007-03-30,21.1,21.200001,20.629999,20.809999,1838400,10.405
2007-04-02,20.92,21.48,20.879999,21.440001,1898200,10.72
2007-04-03,21.559999,22.34,21.559999,21.99,4137200,10.995
2007-04-04,21.889999,22.190001,21.809999,22.059999,4052800,11.03
2007-04-05,23.35,23.360001,22.25,22.34,3814000,11.17
2007-04-09,22.459999,22.77,22.16,22.66,3318200,11.33
2007-04-10,22.52,22.719999,22.25,22.370001,1474200,11.185
2007-04-11,22.42,22.6,22.09,22.200001,2832600,11.1
2007-04-12,22.1,22.15,21.65,21.99,2256400,10.995
2007-04-13,21.940001,22.08,21.83,21.93,1711000,10.965
2007-04-16,21.950001,22.059999,21.18,21.200001,3228400,10.6
2007-04-17,21.17,21.309999,20.67,20.790001,3375200,10.395
2007-04-18,20.620001,20.620001,20.280001,20.43,5237800,10.215
2007-04-19,20.25,20.49,19.92,20.18,3904400,10.09
2007-04-20,20.32,20.67,20.18,20.360001,2462400,10.18
2007-04-23,20.309999,20.639999,19.99,20.01,2057800,10.005
2007-04-24,20.110001,20.4,19.51,20.23,5116200,10.115
2007-04-25,20.280001,20.379999,19.82,20.1,3250000,10.05
2007-04-26,20.049999,20.48,20.049999,20.43,2904600,10.215
2007-04-27,20.32,20.459999,20.190001,20.280001,1742400,10.14
2007-04-30,20.299999,20.41,19.85,19.91,2320200,9.955
2007-05-01,19.84,20.0,19.43,19.84,1827200,9.92
2007-05-02,19.76,20.059999,19.700001,19.809999,1748600,9.905
2007-05-03,19.889999,20.18,19.66,19.719999,3230800,9.86
2007-05-04,19.799999,19.93,19.629999,19.92,1747400,9.96
2007-05-07,19.940001,19.950001,19.690001,19.889999,1853400,9.945
2007-05-08,19.75,19.809999,19.549999,19.65,1221200,9.825
2007-05-09,19.559999,20.58,19.559999,20.389999,4375600,10.195
2007-05-10,20.389999,20.9,20.290001,20.809999,4661800,10.405
2007-05-11,20.9,21.02,20.58,20.74,2569200,10.37
2007-05-14,20.75,20.83,20.540001,20.629999,1051200,10.315
2007-05-15,20.57,20.950001,20.42,20.559999,2497400,10.28
2007-05-16,20.58,20.74,20.25,20.73,2465800,10.365
2007-05-17,20.700001,21.219999,20.700001,21.139999,3166400,10.57
2007-05-18,21.17,21.389999,20.969999,21.26,1606600,10.63
2007-05-21,21.25,21.74,21.120001,21.700001,2097600,10.85
2007-05-22,21.75,21.75,21.450001,21.549999,1777600,10.775
2007-05-23,21.559999,22.120001,21.559999,21.790001,1969200,10.895
2007-05-24,21.73,22.27,21.450001,21.66,2605400,10.83
2007-05-25,21.780001,21.84,21.48,21.610001,1169800,10.805
2007-05-29,21.610001,21.950001,21.530001,21.719999,2073400,10.86
2007-05-30,22.75,23.0,22.15,22.99,7698800,11.495
2007-05-31,23.389999,23.4,22.879999,23.09,4246000,11.545
2007-06-01,23.15,23.4,22.85,22.950001,3797600,11.475
2007-06-04,22.889999,23.129999,22.83,23.1,2338600,11.55
2007-06-05,22.940001,23.0,22.68,22.85,1943600,11.425
2007-06-06,22.700001,22.76,22.15,22.379999,2509000,11.19
2007-06-07,22.299999,22.559999,22.23,22.26,2315800,11.13
2007-06-08,22.209999,22.34,21.48,21.82,5038600,10.91
2007-06-11,21.719999,21.76,21.35,21.42,3299600,10.71
2007-06-12,21.34,21.469999,20.99,21.08,2519800,10.54
2007-06-13,21.23,21.4,21.07,21.34,1957200,10.67
2007-06-14,21.35,21.85,21.35,21.66,1678000,10.83
2007-06-15,21.9,22.219999,21.83,22.049999,1936400,11.025
2007-06-18,22.0,22.23,21.969999,22.07,1293200,11.035
2007-06-19,21.99,22.309999,21.9,22.26,931200,11.13
2007-06-20,22.23,22.450001,21.9,21.93,1038800,10.965
2007-06-21,21.860001,22.059999,21.57,22.01,1229200,11.005
2007-06-22,21.799999,22.049999,21.450001,21.58,1802200,10.79
2007-06-25,21.43,21.85,21.32,21.450001,1983400,10.725
2007-06-26,21.610001,21.809999,21.48,21.58,1328600,10.79
2007-06-27,21.42,21.42,20.99,21.059999,2224600,10.53
2007-06-28,21.17,21.17,20.92,20.940001,1771200,10.47
2007-06-29,20.969999,21.01,20.48,20.52,1821200,10.26
2007-07-02,20.66,21.030001,20.59,20.780001,1425800,10.39
2007-07-03,20.83,20.92,20.66,20.82,633400,10.41
2007-07-05,20.77,21.17,20.76,21.0,1694600,10.5
2007-07-06,20.93,21.120001,20.74,20.92,1462600,10.46
2007-07-09,20.879999,21.120001,20.49,20.58,2161800,10.29
2007-07-10,20.6,20.68,20.059999,20.209999,2549600,10.105
2007-07-11,20.16,20.629999,20.059999,20.370001,1179200,10.185
2007-07-12,20.6,20.879999,20.08,20.42,1644400,10.21
2007-07-13,20.33,20.450001,19.950001,20.190001,2490600,10.095
2007-07-16,20.23,20.76,20.200001,20.719999,3632000,10.36
2007-07-17,20.719999,21.059999,20.639999,20.860001,2543000,10.43
2007-07-18,20.780001,21.040001,20.620001,20.780001,2331800,10.39
2007-07-19,20.84,21.26,20.84,21.18,1711400,10.59
2007-07-20,21.129999,21.200001,20.76,20.889999,1745400,10.445
2007-07-23,20.889999,21.16,20.48,20.540001,6899600,10.27
2007-07-24,20.309999,20.33,19.780001,19.83,2799000,9.915
2007-07-25,19.9,20.23,19.75,19.83,2270600,9.915
2007-07-26,19.73,19.82,18.93,19.24,3180800,9.62
2007-07-27,19.290001,19.35,18.360001,18.360001,4297400,9.18
2007-07-30,18.41,18.74,18.09,18.610001,3397200,9.305
2007-07-31,18.719999,19.32,18.09,18.190001,2245800,9.095
2007-08-01,18.040001,18.75,17.98,18.42,3158600,9.21
2007-08-02,18.549999,18.799999,17.969999,18.110001,3134000,9.055
2007-08-03,18.110001,18.139999,17.299999,17.33,2923200,8.665
2007-08-06,17.43,17.49,16.76,17.33,3027200,8.665
2007-08-07,17.26,17.870001,17.1,17.85,4041600,8.925
2007-08-08,17.879999,17.959999,17.1,17.139999,6217200,8.57
2007-08-09,16.540001,16.73,15.95,16.18,8244800,8.09
2007-08-10,16.209999,17.5,15.9,17.26,4502600,8.63
2007-08-13,17.530001,18.24,17.35,17.43,2949800,8.715
2007-08-14,17.530001,17.629999,16.85,16.879999,2295400,8.44
2007-08-15,16.83,17.25,16.83,16.92,2749000,8.46
2007-08-16,16.91,17.290001,16.639999,17.219999,1943600,8.61
2007-08-17,17.82,17.98,17.24,17.25,2252400,8.625
2007-08-20,17.290001,17.52,17.110001,17.34,1042800,8.67
2007-08-21,17.43,17.639999,17.35,17.52,1403600,8.76
2007-08-22,17.66,17.93,17.629999,17.9,1345000,8.95
2007-08-23,17.98,18.08,17.51,17.610001,1169000,8.805
2007-08-24,17.59,17.950001,17.52,17.92,1205200,8.96
2007-08-27,17.85,18.08,17.49,17.540001,2134000,8.77
2007-08-28,17.459999,17.6,17.209999,17.27,1088600,8.635
2007-08-29,17.389999,17.76,17.219999,17.73,1105400,8.865
2007-08-30,17.52,17.65,17.09,17.389999,972400,8.695
2007-08-31,17.559999,17.700001,17.35,17.5,829200,8.75
2007-09-04,17.49,17.57,17.25,17.469999,1154000,8.735
2007-09-05,17.540001,17.540001,17.1,17.280001,2131000,8.64
2007-09-06,17.35,17.49,16.43,16.690001,5479200,8.345
2007-09-07,16.75,16.959999,16.530001,16.700001,2076200,8.35
2007-09-10,16.77,17.0,16.209999,16.24,4184600,8.12
2007-09-11,16.299999,16.620001,16.209999,16.469999,1539600,8.235
2007-09-12,16.5,16.629999,16.290001,16.299999,1351200,8.15
2007-09-13,16.4,16.42,15.86,15.96,4001000,7.98
2007-09-14,15.82,16.120001,15.46,15.9,2307600,7.95
2007-09-17,15.76,16.049999,15.76,15.98,4396200,7.99
2007-09-18,16.049999,16.700001,15.85,16.58,4219200,8.29
2007-09-19,17.0,17.950001,16.93,17.17,4968200,8.585
2007-09-20,17.200001,17.370001,16.610001,17.280001,2590600,8.64
2007-09-21,17.440001,17.52,17.219999,17.32,2688200,8.66
2007-09-24,17.299999,17.4,16.870001,17.23,2119800,8.615
2007-09-25,17.190001,17.360001,16.82,17.35,2313800,8.675
2007-09-26,17.41,17.48,17.200001,17.379999,1550600,8.69
2007-09-27,17.450001,17.450001,17.15,17.309999,1076400,8.655
2007-09-28,17.27,17.41,16.969999,17.01,1184800,8.505
2007-10-01,16.98,17.219999,16.83,17.15,1396000,8.575
2007-10-02,17.1,17.25,17.059999,17.15,1051000,8.575
2007-10-03,17.030001,17.290001,16.85,17.219999,1814800,8.61
2007-10-04,17.25,17.299999,16.73,16.85,1853200,8.425
2007-10-05,17.01,17.209999,16.700001,17.08,2917400,8.54
2007-10-08,17.01,17.01,16.559999,16.77,1258200,8.385
2007-10-09,16.709999,16.82,16.440001,16.76,1549600,8.38
2007-10-10,16.690001,16.93,16.540001,16.68,1241600,8.34
2007-10-11,16.790001,17.0,16.370001,16.469999,1684800,8.235
2007-10-12,16.43,16.690001,16.32,16.530001,1538800,8.265
2007-10-15,16.52,16.700001,15.76,15.97,2286600,7.985
2007-10-16,15.9,16.120001,15.67,15.86,1445800,7.93
2007-10-17,15.98,16.67,15.73,15.91,1511000,7.955
2007-10-18,16.1,16.1,15.57,15.75,1090600,7.875
2007-10-19,15.74,15.78,15.45,15.54,1739800,7.77
2007-10-22,15.49,15.87,15.4,15.62,2734800,7.81
2007-10-23,15.7,15.77,15.24,15.4,1556600,7.7
2007-10-24,15.25,15.36,15.02,15.31,1484400,7.655
2007-10-25,15.35,15.74,15.35,15.63,1936200,7.815
2007-10-26,15.77,15.88,15.49,15.85,767000,7.925
2007-10-29,15.97,16.34,15.94,16.059999,1112200,8.03
2007-10-30,16.049999,16.33,15.87,16.129999,1876000,8.065
2007-10-31,16.15,16.549999,16.030001,16.389999,1233000,8.195
2007-11-01,16.17,16.18,14.85,15.15,4684000,7.575
2007-11-02,15.11,15.11,13.97,14.62,4689800,7.31
2007-11-05,14.34,14.49,14.0,14.22,1929800,7.11
2007-11-06,14.21,14.38,13.96,14.29,1644400,7.145
2007-11-07,14.12,14.28,13.77,13.97,1394600,6.985
2007-11-08,14.06,14.25,13.5,13.84,1728400,6.92
2007-11-09,13.68,13.99,13.53,13.69,1807400,6.845
2007-11-12,13.71,14.35,13.58,14.02,3068000,7.01
2007-11-13,14.1,14.73,14.1,14.69,1126000,7.345
2007-11-14,14.75,14.84,14.16,14.32,1074000,7.16
2007-11-15,14.25,14.52,14.21,14.45,1287600,7.225
2007-11-16,14.46,14.51,13.99,14.12,1306000,7.06
2007-11-19,14.0,14.14,13.73,13.9,1607600,6.95
2007-11-20,13.88,14.41,13.64,14.18,1645000,7.09
2007-11-21,14.07,14.64,14.07,14.49,1021000,7.245
2007-11-23,14.54,14.9,14.46,14.77,464800,7.385
2007-11-26,15.0,15.08,14.31,14.58,1628400,7.29
2007-11-27,14.49,14.89,14.1,14.24,1238800,7.12
2007-11-28,13.78,14.59,13.52,14.35,2760200,7.175
2007-11-29,14.32,14.35,13.61,13.79,2187600,6.895
2007-11-30,14.04,14.3,13.67,14.14,1874200,7.07
2007-12-03,14.24,14.24,13.79,13.81,1088400,6.905
2007-12-04,13.71,13.88,13.52,13.61,1006000,6.805
2007-12-05,13.95,14.07,13.3,13.5,1242600,6.75
2007-12-06,13.5,13.69,13.03,13.29,3054200,6.645
2007-12-07,13.28,13.76,13.13,13.64,1593000,6.82
2007-12-10,13.53,13.7,13.4,13.66,1233200,6.83
2007-12-11,13.68,13.91,13.17,13.31,1468200,6.655
2007-12-12,13.6,14.05,13.23,13.37,2746600,6.685
2007-12-13,13.3,13.43,13.21,13.32,1021200,6.66
2007-12-14,13.23,13.35,12.61,12.71,1662800,6.355
2007-12-17,12.62,12.82,12.31,12.46,1606200,6.23
2007-12-18,12.55,12.86,12.33,12.8,1418200,6.4
2007-12-19,12.8,12.81,12.17,12.46,1702400,6.23
2007-12-20,12.54,12.59,12.12,12.27,1503600,6.135
2007-12-21,12.44,13.57,12.32,13.57,6685600,6.785
2007-12-24,13.57,13.7,13.23,13.61,1472200,6.805
2007-12-26,13.46,13.69,13.12,13.48,1576800,6.74
2007-12-27,13.49,13.5,12.97,13.0,1280400,6.5
2007-12-28,13.05,13.24,12.81,12.89,1149600,6.445
2007-12-31,12.84,13.14,12.26,12.51,2937800,6.255
2008-01-02,12.68,12.68,11.96,12.02,1988200,6.01
2008-01-03,12.02,12.2,11.69,11.75,2944400,5.875
2008-01-04,11.58,11.58,10.4,10.81,7233800,5.405
2008-01-07,10.81,10.86,10.38,10.59,2877200,5.295
2008-01-08,10.39,10.79,10.23,10.24,2146800,5.12
2008-01-09,10.18,10.42,9.76,10.38,3475400,5.19
2008-01-10,10.04,10.53,9.7,10.2,4302600,5.1
2008-01-11,9.9,9.96,9.35,9.73,2533600,4.865
2008-01-14,9.8,10.03,9.77,9.93,2095600,4.965
2008-01-15,9.8,9.86,9.51,9.52,2239200,4.76
2008-01-16,9.52,10.0,9.5,9.94,1873200,4.97
2008-01-17,10.01,11.0,9.62,10.7,3952400,5.35
2008-01-18,10.68,10.93,10.47,10.57,2239600,5.285
2008-01-22,10.13,11.09,9.99,10.84,2459800,5.42
2008-01-23,10.68,12.11,10.62,11.96,2892400,5.98
2008-01-24,12.05,12.19,11.37,11.7,1749800,5.85
2008-01-25,11.76,12.06,11.09,11.36,1265000,5.68
2008-01-28,11.23,11.71,11.0,11.65,1291600,5.825
2008-01-29,11.74,11.86,11.16,11.82,1465800,5.91
2008-01-30,11.79,12.19,11.56,11.67,1149600,5.835
2008-01-31,11.46,12.49,11.45,12.19,2352600,6.095
2008-02-01,12.26,12.79,12.02,12.75,1672000,6.375
2008-02-04,12.71,12.75,12.28,12.31,2162600,6.155
2008-02-05,12.04,12.72,11.87,11.99,2414600,5.995
2008-02-06,12.09,12.36,11.63,11.7,1296600,5.85
2008-02-07,11.59,12.08,11.33,11.9,1364800,5.95
2008-02-08,11.85,12.39,11.45,11.88,908800,5.94
2008-02-11,11.93,12.2,11.46,12.16,1200800,6.08
2008-02-12,12.25,12.49,12.14,12.25,985800,6.125
2008-02-13,12.39,12.7,12.18,12.67,863000,6.335
2008-02-14,12.72,12.75,11.96,12.25,1509400,6.125
2008-02-15,12.14,12.58,11.97,12.53,1524800,6.265
2008-02-19,12.72,12.83,12.09,12.17,931800,6.085
2008-02-20,12.07,12.73,11.99,12.69,1014800,6.345
2008-02-21,12.75,13.02,12.3,12.36,1092600,6.18
2008-02-22,12.4,12.67,12.21,12.64,918000,6.32
2008-02-25,12.62,12.74,12.22,12.52,1473800,6.26
2008-02-26,12.37,13.02,12.37,12.9,1232400,6.45
2008-02-27,12.73,12.88,12.36,12.57,1336400,6.285
2008-02-28,13.99,14.88,13.75,14.39,6979800,7.195
2008-02-29,14.19,14.21,13.02,13.18,3227400,6.59
2008-03-03,13.24,13.91,12.91,13.67,2230600,6.835
2008-03-04,13.53,13.79,13.38,13.77,2390400,6.885
2008-03-05,13.8,13.88,13.43,13.8,1970600,6.9
2008-03-06,13.7,13.77,12.97,13.0,1646600,6.5
2008-03-07,12.87,13.41,12.6,12.82,1713800,6.41
2008-03-10,12.84,13.27,12.39,12.48,1476600,6.24
2008-03-11,12.85,13.07,12.55,13.0,1688600,6.5
2008-03-12,12.98,13.23,12.34,12.38,2151400,6.19
2008-03-13,12.22,12.65,11.85,12.59,3365400,6.295
2008-03-14,12.62,12.75,11.94,12.2,1554600,6.1
2008-03-17,11.93,12.09,11.66,11.94,1822400,5.97
2008-03-18,12.24,12.59,12.06,12.43,1348800,6.215
2008-03-19,12.56,12.6,11.97,11.97,1753400,5.985
2008-03-20,12.15,12.96,12.03,12.93,3328600,6.465
2008-03-24,12.97,14.17,12.97,13.74,2427800,6.87
2008-03-25,13.79,14.11,13.45,14.02,1902200,7.01
2008-03-26,13.99,13.99,13.26,13.32,1107400,6.66
2008-03-27,13.31,13.39,12.95,12.99,786600,6.495
2008-03-28,12.98,13.11,12.59,12.66,713800,6.33
2008-03-31,12.71,13.11,12.52,12.94,936800,6.47
2008-04-01,12.85,13.68,12.85,13.65,1417200,6.825
2008-04-02,13.62,13.92,13.27,13.66,1246000,6.83
2008-04-03,13.51,13.77,13.32,13.68,792600,6.84
2008-04-04,13.72,13.86,13.4,13.6,580600,6.8
2008-04-07,13.66,13.85,13.21,13.29,622400,6.645
2008-04-08,13.05,13.54,12.93,13.46,809000,6.73
2008-04-09,13.5,13.65,12.78,12.98,1025400,6.49
2008-04-10,12.93,13.55,12.84,13.25,788000,6.625
2008-04-11,13.14,13.25,12.56,12.75,1348200,6.375
2008-04-14,12.55,12.88,12.39,12.48,714400,6.24
2008-04-15,12.56,12.66,12.27,12.56,539200,6.28
2008-04-16,12.69,12.96,12.49,12.94,894600,6.47
2008-04-17,12.91,13.01,12.67,12.83,591600,6.415
2008-04-18,13.06,13.31,12.98,13.28,863400,6.64
2008-04-21,13.24,13.24,12.82,13.21,855200,6.605
2008-04-22,13.12,13.2,12.42,12.76,1688800,6.38
2008-04-23,12.82,13.04,12.55,13.0,2290200,6.5
2008-04-24,13.01,13.2,12.78,13.11,1630800,6.555
2008-04-25,13.14,13.51,12.86,13.37,2004800,6.685
2008-04-28,13.36,14.14,13.27,13.99,1598600,6.995
2008-04-29,14.01,14.18,13.72,14.07,1865400,7.035
2008-04-30,14.09,14.27,13.35,13.46,1296600,6.73
2008-05-01,13.42,13.82,13.25,13.75,1568400,6.875
2008-05-02,13.83,13.98,13.6,13.7,971000,6.85
2008-05-05,13.65,13.73,13.08,13.09,2490600,6.545
2008-05-06,13.05,13.39,12.95,13.22,993600,6.61
2008-05-07,13.21,13.41,12.84,12.94,949000,6.47
2008-05-08,12.98,13.14,12.76,12.87,1377800,6.435
2008-05-09,12.73,13.34,12.7,13.18,1409600,6.59
2008-05-12,13.19,13.63,13.19,13.55,717200,6.775
2008-05-13,13.58,13.85,13.56,13.85,898600,6.925
2008-05-14,13.84,14.26,13.33,14.03,1039800,7.015
2008-05-15,13.98,14.5,13.92,14.3,1314400,7.15
2008-05-16,14.37,14.42,13.9,14.0,3240800,7.0
2008-05-19,14.03,14.17,13.81,13.97,2979200,6.985
2008-05-20,13.91,14.15,13.86,14.01,2112600,7.005
2008-05-21,14.07,14.4,13.67,13.82,2774600,6.91
2008-05-22,13.9,14.45,13.7,14.23,1576600,7.115
2008-05-23,14.13,14.13,13.86,13.89,839800,6.945
2008-05-27,13.89,14.06,13.58,13.95,1304200,6.975
2008-05-28,13.95,14.3,13.81,14.01,2101600,7.005
2008-05-29,14.49,15.42,14.45,15.37,5725200,7.685
2008-05-30,15.22,15.55,15.05,15.47,1939000,7.735
2008-06-02,15.5,15.55,14.81,15.11,1866800,7.555
2008-06-03,15.12,15.27,14.92,15.13,3889600,7.565
2008-06-04,15.09,15.59,15.09,15.37,1542800,7.685
2008-06-05,15.39,15.8,15.35,15.68,2403000,7.84
2008-06-06,15.64,15.64,14.92,15.02,1295600,7.51
2008-06-09,15.04,15.11,14.66,14.75,938400,7.375
2008-06-10,14.58,15.14,14.54,14.98,1099200,7.49
2008-06-11,14.91,14.98,14.57,14.57,1140400,7.285
2008-06-12,14.7,15.18,14.52,14.64,1124800,7.32
2008-06-13,14.74,15.08,14.73,15.07,1102600,7.535
2008-06-16,14.89,15.42,14.87,15.33,995400,7.665
2008-06-17,15.35,15.9,15.35,15.86,2088400,7.93
2008-06-18,15.76,15.85,14.98,15.23,1468400,7.615
2008-06-19,15.06,15.72,14.98,15.55,1369200,7.775
2008-06-20,15.46,15.48,14.52,14.52,6908800,7.26
2008-06-23,14.61,14.64,13.64,14.09,3781400,7.045
2008-06-24,13.92,14.17,13.51,13.75,2330200,6.875
2008-06-25,13.79,14.54,13.72,14.02,1608400,7.01
2008-06-26,13.75,13.92,13.26,13.38,1181200,6.69
2008-06-27,13.33,13.7,12.87,13.55,3954800,6.775
2008-06-30,13.53,13.97,13.22,13.38,2085800,6.69
2008-07-01,13.37,14.06,13.25,13.94,2206800,6.97
2008-07-02,13.9,14.13,13.52,13.65,1523400,6.825
2008-07-03,13.71,13.98,13.3,13.42,869400,6.71
2008-07-07,13.53,13.78,13.3,13.65,1482800,6.825
2008-07-08,13.7,14.27,13.62,14.19,1565000,7.095
2008-07-09,14.17,14.54,13.81,14.17,2148200,7.085
2008-07-10,14.12,14.53,13.1,13.25,1821400,6.625
2008-07-11,13.04,13.13,12.45,13.08,2254400,6.54
2008-07-14,13.19,13.35,12.68,12.79,1209600,6.395
2008-07-15,12.66,13.25,12.31,12.92,1803000,6.46
2008-07-16,13.02,14.0,13.0,13.79,1422800,6.895
2008-07-17,13.84,14.74,13.55,14.1,2323600,7.05
2008-07-18,13.97,14.23,13.34,14.09,1564600,7.045
2008-07-21,14.1,14.29,13.62,13.96,892800,6.98
2008-07-22,13.86,14.74,13.6,14.65,1849600,7.325
2008-07-23,14.62,16.280001,14.46,15.25,2996400,7.625
2008-07-24,15.29,15.33,14.66,14.76,1901400,7.38
2008-07-25,14.96,15.54,14.61,15.01,1508600,7.505
2008-07-28,14.99,15.15,14.56,14.99,1694600,7.495
2008-07-29,15.09,15.97,14.7,15.92,2255200,7.96
2008-07-30,16.0,16.620001,15.61,16.07,2252200,8.035
2008-07-31,15.81,16.379999,15.67,16.129999,1435600,8.065
2008-08-01,16.209999,16.290001,15.75,15.95,1956600,7.975
2008-08-04,15.97,16.49,15.76,15.78,1791600,7.89
2008-08-05,15.99,16.559999,15.95,16.389999,2141000,8.195
2008-08-06,16.389999,16.6,16.120001,16.4,2007000,8.2
2008-08-07,16.18,16.32,15.26,15.31,2825800,7.655
2008-08-08,15.25,16.67,15.19,16.6,2084000,8.3
2008-08-11,16.43,17.1,16.0,16.27,2236000,8.135
2008-08-12,16.23,16.65,15.69,15.95,1446400,7.975
2008-08-13,16.0,16.040001,14.96,15.73,1513800,7.865
2008-08-14,15.58,16.370001,15.37,15.98,1501000,7.99
2008-08-15,16.139999,17.23,16.030001,16.33,1803600,8.165
2008-08-18,16.440001,16.67,16.18,16.35,844800,8.175
2008-08-19,16.1,16.32,15.51,15.63,965800,7.815
2008-08-20,15.33,16.1,15.29,15.52,840200,7.76
2008-08-21,15.32,15.58,15.13,15.47,932800,7.735
2008-08-22,15.51,16.25,15.23,16.139999,1167200,8.07
2008-08-25,16.09,16.09,15.58,15.77,785200,7.885
2008-08-26,15.76,15.98,15.35,15.76,902600,7.88
2008-08-27,15.73,16.27,15.7,16.1,1251800,8.05
2008-08-28,16.190001,16.67,16.02,16.549999,969200,8.275
2008-08-29,16.459999,16.620001,16.17,16.26,781400,8.13
2008-09-02,16.610001,17.379999,16.25,16.719999,2344400,8.36
2008-09-03,16.719999,17.26,16.719999,17.200001,3133400,8.6
2008-09-04,17.08,17.42,16.75,16.75,2069400,8.375
2008-09-05,16.73,17.42,16.5,17.360001,1828600,8.68
2008-09-08,17.559999,17.85,17.18,17.75,2444000,8.875
2008-09-09,17.469999,17.93,16.9,16.99,3273600,8.495
2008-09-10,17.1,17.33,16.440001,17.219999,1758200,8.61
2008-09-11,17.02,17.35,16.629999,17.280001,1559000,8.64
2008-09-12,17.139999,17.219999,16.67,17.049999,1845800,8.525
2008-09-15,16.75,17.4,16.26,16.48,1873600,8.24
2008-09-16,16.389999,16.84,15.76,16.52,2364400,8.26
2008-09-17,16.17,16.84,15.0,15.36,3562600,7.68
2008-09-18,14.61,15.75,14.24,15.32,6046600,7.66
2008-09-19,15.78,17.120001,14.95,15.31,3833000,7.655
2008-09-22,15.17,15.33,14.5,14.69,2063200,7.345
2008-09-23,14.68,15.13,14.51,14.87,1770800,7.435
2008-09-24,14.88,15.18,14.66,14.72,1545200,7.36
2008-09-25,14.8,15.18,14.49,14.76,1843600,7.38
2008-09-26,14.55,15.71,14.45,15.67,2283200,7.835
2008-09-29,15.35,15.54,14.81,15.01,1839200,7.505
2008-09-30,15.21,15.3,14.52,15.29,1576800,7.645
2008-10-01,15.13,15.2,14.42,14.78,1380800,7.39
2008-10-02,14.65,14.99,13.77,13.88,1179000,6.94
2008-10-03,14.05,14.49,13.04,13.08,1843000,6.54
2008-10-06,12.91,13.1,11.94,12.67,2463800,6.335
2008-10-07,12.75,13.04,11.82,11.86,1839400,5.93
2008-10-08,11.72,12.75,11.58,11.8,2111200,5.9
2008-10-09,11.81,12.94,10.72,10.98,1815000,5.49
2008-10-10,10.69,11.51,10.0,11.01,2922200,5.505
2008-10-13,11.59,11.59,10.64,10.87,1604200,5.435
2008-10-14,11.29,12.5,10.15,10.4,1249600,5.2
2008-10-15,10.37,10.79,9.03,9.07,1684800,4.535
2008-10-16,9.01,9.54,8.81,9.48,2566000,4.74
2008-10-17,9.18,9.65,8.51,9.24,2838200,4.62
2008-10-20,9.34,9.43,8.92,9.12,1453400,4.56
2008-10-21,8.95,9.43,8.95,9.13,1097800,4.565
2008-10-22,8.88,9.24,8.52,8.71,1688600,4.355
2008-10-23,8.52,8.8,8.02,8.24,2195000,4.12
2008-10-24,7.76,8.48,7.76,8.18,1946600,4.09
2008-10-27,8.18,8.79,7.98,8.03,1418600,4.015
2008-10-28,8.17,9.03,7.88,8.98,2120200,4.49
2008-10-29,8.96,9.89,8.74,9.47,2026400,4.735
2008-10-30,9.77,10.08,8.86,9.12,1885800,4.56
2008-10-31,9.09,9.85,8.95,9.56,1586000,4.78
2008-11-03,9.57,9.82,9.26,9.33,976800,4.665
2008-11-04,9.4,9.4,8.69,8.85,1644400,4.425
2008-11-05,8.72,8.72,8.14,8.31,1556200,4.155
2008-11-06,8.25,8.59,8.09,8.17,1484600,4.085
2008-11-07,8.28,8.59,7.99,8.21,1045200,4.105
2008-11-10,8.41,8.66,8.16,8.31,2208200,4.155
2008-11-11,8.22,8.25,7.83,7.94,1289600,3.97
2008-11-12,7.71,8.19,7.18,7.25,2113800,3.625
2008-11-13,7.3,8.0,6.59,7.96,2183600,3.98
2008-11-14,7.84,8.23,7.31,7.4,1725200,3.7
2008-11-17,7.32,7.49,7.15,7.16,973400,3.58
2008-11-18,7.21,7.44,6.56,6.86,2307000,3.43
2008-11-19,6.9,7.09,6.45,6.51,1586600,3.255
2008-11-20,7.03,7.72,6.51,6.6,2762000,3.3
2008-11-21,6.75,6.99,6.16,6.72,3254600,3.36
2008-11-24,6.82,7.53,6.62,7.42,1980400,3.71
2008-11-25,7.53,7.83,7.15,7.52,1516800,3.76
2008-11-26,7.33,8.41,7.22,8.26,1053400,4.13
2008-11-28,8.17,8.42,7.73,7.83,692400,3.915
2008-12-01,7.62,7.62,7.04,7.06,1607000,3.53
2008-12-02,7.48,7.57,6.9,7.18,2694000,3.59
2008-12-03,6.82,8.08,6.55,8.04,3433000,4.02
2008-12-04,7.89,8.56,7.68,8.29,2707400,4.145
2008-12-05,8.0,8.77,7.82,8.75,2298600,4.375
2008-12-08,8.93,9.45,8.75,9.15,2023800,4.575
2008-12-09,9.07,9.4,8.77,8.81,1782400,4.405
2008-12-10,8.76,9.52,8.76,9.35,1128600,4.675
2008-12-11,9.22,9.47,8.74,8.86,1632600,4.43
2008-12-12,8.62,9.19,8.3,9.11,1275400,4.555
2008-12-15,9.18,9.37,8.5,8.66,909000,4.33
2008-12-16,8.84,9.35,8.66,9.32,1767600,4.66
2008-12-17,9.7,10.46,8.91,10.18,2318000,5.09
2008-12-18,10.19,10.49,10.03,10.28,2517800,5.14
2008-12-19,10.45,10.99,10.01,10.78,6791200,5.39
2008-12-22,10.77,10.77,9.91,10.15,2492200,5.075
2008-12-23,10.1,10.25,9.75,9.92,1328000,4.96
2008-12-24,9.97,10.23,9.93,10.12,413000,5.06
2008-12-26,10.16,10.26,9.99,10.2,460200,5.1
2008-12-29,10.2,10.37,10.05,10.22,541600,5.11
2008-12-30,10.32,10.49,10.0,10.37,1003400,5.185
2008-12-31,10.33,10.89,10.22,10.74,1271600,5.37
2009-01-02,10.75,10.95,10.38,10.72,1527200,5.36
2009-01-05,10.42,10.48,9.95,10.47,1279400,5.235
2009-01-06,10.55,11.4,10.48,10.59,1443400,5.295
2009-01-07,10.44,10.72,10.08,10.17,1687800,5.085
2009-01-08,9.45,9.87,7.5,9.83,2399200,4.915
2009-01-09,9.86,9.86,9.28,9.42,1052600,4.71
2009-01-12,9.36,9.76,8.95,9.05,898000,4.525
2009-01-13,9.0,9.46,8.94,9.26,1051200,4.63
2009-01-14,9.06,9.42,8.66,8.69,1230600,4.345
2009-01-15,8.69,9.15,8.44,9.11,2162400,4.555
2009-01-16,9.3,9.32,8.71,9.2,1492400,4.6
2009-01-20,9.05,9.19,8.65,8.66,1068400,4.33
2009-01-21,8.75,9.18,8.5,9.16,925800,4.58
2009-01-22,8.95,9.19,8.41,8.95,1084600,4.475
2009-01-23,8.71,9.06,8.6,8.89,1188400,4.445
2009-01-26,8.97,9.6,8.93,9.44,1157200,4.72
2009-01-27,9.5,9.76,9.38,9.5,749800,4.75
2009-01-28,9.71,9.8,9.55,9.65,1492200,4.825
2009-01-29,9.57,9.8,8.9,8.93,1726800,4.465
2009-01-30,9.0,9.14,8.52,8.62,1082800,4.31
2009-02-02,8.51,8.78,8.49,8.65,1582200,4.325
2009-02-03,8.74,8.89,8.46,8.63,2856800,4.315
2009-02-04,8.65,8.92,8.44,8.6,1019600,4.3
2009-02-05,8.54,9.24,8.54,9.21,1667600,4.605
2009-02-06,8.89,9.95,8.89,9.83,1737000,4.915
2009-02-09,9.76,9.89,9.5,9.71,724200,4.855
2009-02-10,9.62,9.88,9.27,9.36,1323200,4.68
2009-02-11,9.43,9.65,9.06,9.5,1159800,4.75
2009-02-12,9.38,9.7,9.31,9.65,1164600,4.825
2009-02-13,9.69,9.9,9.39,9.47,694600,4.735
2009-02-17,9.16,9.57,9.01,9.34,927600,4.67
2009-02-18,9.23,9.52,9.11,9.32,1027400,4.66
2009-02-19,10.64,10.93,10.05,10.35,4367800,5.175
2009-02-20,10.21,10.5,10.14,10.29,2633200,5.145
2009-02-23,10.31,10.37,9.97,10.01,1603600,5.005
2009-02-24,10.12,10.5,9.91,10.4,1154200,5.2
2009-02-25,10.4,10.66,9.93,10.36,1079800,5.18
2009-02-26,10.41,10.56,10.07,10.1,1043200,5.05
2009-02-27,10.0,10.34,9.8,9.92,2515800,4.96
2009-03-02,9.76,9.82,9.33,9.51,2562400,4.755
2009-03-03,9.64,9.64,8.84,8.98,1958000,4.49
2009-03-04,9.11,9.95,9.0,9.81,1772400,4.905
2009-03-05,9.6,9.95,9.33,9.73,1769200,4.865
2009-03-06,9.9,9.99,9.09,9.38,1410000,4.69
2009-03-09,8.97,9.66,8.97,9.3,767200,4.65
2009-03-10,9.5,10.33,9.48,10.32,1314400,5.16
2009-03-11,10.41,11.16,10.21,10.98,2312800,5.49
2009-03-12,10.9,11.88,10.75,11.45,1949600,5.725
2009-03-13,11.62,11.62,11.16,11.32,946400,5.66
2009-03-16,11.48,11.8,11.04,11.1,1045200,5.55
2009-03-17,11.13,11.68,11.13,11.68,779400,5.84
2009-03-18,11.57,11.92,11.56,11.84,1540000,5.92
2009-03-19,11.93,11.94,11.6,11.73,708800,5.865
2009-03-20,11.85,12.03,11.19,11.35,1174400,5.675
2009-03-23,11.6,12.02,11.48,12.01,1171000,6.005
2009-03-24,11.81,12.2,11.67,11.97,1200000,5.985
2009-03-25,11.43,12.24,11.26,11.88,1290800,5.94
2009-03-26,11.97,12.92,11.73,12.81,2362600,6.405
2009-03-27,12.53,12.58,12.23,12.4,1003600,6.2
2009-03-30,12.06,12.42,11.84,12.38,752400,6.19
2009-03-31,12.49,12.53,11.9,12.29,1083400,6.145
2009-04-01,12.11,12.29,11.77,12.11,3763800,6.055
2009-04-02,12.38,12.79,12.1,12.6,1682400,6.3
2009-04-03,12.61,13.25,12.49,13.25,1392400,6.625
2009-04-06,13.15,13.25,12.89,13.23,1390000,6.615
2009-04-07,13.01,13.07,12.25,12.29,2715200,6.145
2009-04-08,12.48,13.15,12.32,13.09,2716000,6.545
2009-04-09,13.22,14.15,13.12,14.15,2400000,7.075
2009-04-13,14.08,14.22,13.65,14.01,3069200,7.005
2009-04-14,15.25,15.6,14.12,14.7,5139600,7.35
2009-04-15,14.53,15.03,14.51,14.96,2514400,7.48
2009-04-16,15.02,15.27,14.81,15.19,1608400,7.595
2009-04-17,15.2,15.22,14.77,15.12,1185400,7.56
2009-04-20,14.4,15.04,14.07,14.83,1631800,7.415
2009-04-21,14.82,15.12,14.62,15.02,1088400,7.51
2009-04-22,14.91,15.61,14.72,14.99,1751400,7.495
2009-04-23,15.04,15.27,14.36,14.86,1600200,7.43
2009-04-24,14.99,15.25,14.81,14.88,1526000,7.44
2009-04-27,15.14,15.16,14.55,14.84,1282800,7.42
2009-04-28,14.81,15.25,14.78,15.01,922200,7.505
2009-04-29,15.06,15.41,14.87,15.02,863600,7.51
2009-04-30,15.11,15.87,14.98,15.14,1410600,7.57
2009-05-01,15.08,15.32,14.62,14.71,1069400,7.355
2009-05-04,14.8,15.71,14.72,15.23,1335400,7.615
2009-05-05,15.14,15.4,14.87,15.36,1370400,7.68
2009-05-06,15.47,15.47,14.41,14.75,932800,7.375
2009-05-07,15.0,15.07,13.96,14.15,1521200,7.075
2009-05-08,14.22,14.55,13.78,14.52,1098400,7.26
2009-05-11,14.08,14.47,13.89,14.38,915000,7.19
2009-05-12,14.42,14.7,13.9,14.25,925600,7.125
2009-05-13,14.0,14.22,13.53,13.58,1579600,6.79
2009-05-14,13.68,14.07,13.43,13.79,1546200,6.895
2009-05-15,13.75,14.55,13.75,14.23,1698400,7.115
2009-05-18,14.56,15.13,14.39,15.11,1545000,7.555
2009-05-19,15.21,15.47,15.04,15.07,1381800,7.535
2009-05-20,15.23,15.48,14.7,14.83,1400200,7.415
2009-05-21,14.67,14.98,14.31,14.85,1955000,7.425
2009-05-22,15.65,15.75,14.47,15.05,2902400,7.525
2009-05-26,15.21,16.0,14.97,15.79,2119800,7.895
2009-05-27,15.61,16.48,15.6,15.85,2434800,7.925
2009-05-28,15.92,16.27,15.16,15.55,1251800,7.775
2009-05-29,15.64,15.83,15.34,15.83,1637800,7.915
2009-06-01,16.25,16.610001,16.129999,16.43,1909000,8.215
2009-06-02,16.41,16.58,16.059999,16.17,1769600,8.085
2009-06-03,16.09,16.5,16.01,16.48,1107400,8.24
2009-06-04,16.42,16.629999,16.040001,16.530001,1204600,8.265
2009-06-05,16.440001,16.73,16.139999,16.58,1263000,8.29
2009-06-08,16.41,16.700001,16.209999,16.52,918600,8.26
2009-06-09,16.58,16.809999,16.030001,16.110001,1582200,8.055
2009-06-10,15.7,16.42,15.42,15.69,1794600,7.845
2009-06-11,15.75,15.86,15.07,15.13,1618800,7.565
2009-06-12,15.0,15.32,14.81,14.88,1862000,7.44
2009-06-15,14.75,14.99,14.14,14.46,2901800,7.23
2009-06-16,14.55,14.7,13.87,13.92,1984600,6.96
2009-06-17,13.93,14.65,13.83,13.96,2242800,6.98
2009-06-18,14.04,14.29,13.85,13.94,1521600,6.97
2009-06-19,14.17,14.18,13.12,13.18,11040600,6.59
2009-06-22,13.24,13.82,13.09,13.68,3389200,6.84
2009-06-23,13.59,13.82,13.26,13.26,2090200,6.63
2009-06-24,13.41,13.69,13.19,13.24,1829600,6.62
2009-06-25,13.56,14.67,13.5,14.41,8615000,7.205
2009-06-26,14.37,14.63,14.03,14.41,4182000,7.205
2009-06-29,14.34,14.7,14.23,14.52,2107400,7.26
2009-06-30,14.46,14.83,14.11,14.3,2422400,7.15
2009-07-01,14.61,15.13,14.3,14.71,1937600,7.355
2009-07-02,14.49,14.56,13.59,13.85,2123600,6.925
2009-07-06,13.76,14.27,13.36,13.85,2154000,6.925
2009-07-07,13.9,14.0,13.39,13.46,1624600,6.73
2009-07-08,13.58,14.06,13.16,13.62,2110400,6.81
2009-07-09,13.74,14.23,13.4,13.51,1819600,6.755
2009-07-10,13.45,13.69,13.28,13.42,1704800,6.71
2009-07-13,13.66,14.04,13.23,13.93,1429400,6.965
2009-07-14,14.1,14.27,13.59,14.07,1487600,7.035
2009-07-15,14.19,14.5,14.05,14.4,1938400,7.2
2009-07-16,14.37,14.53,14.14,14.49,1020200,7.245
2009-07-17,14.5,14.55,14.17,14.32,1082800,7.16
2009-07-20,14.56,14.98,14.29,14.97,1759800,7.485
2009-07-21,15.0,15.0,14.5,14.78,1722400,7.39
2009-07-22,14.72,15.17,14.71,14.9,978000,7.45
2009-07-23,14.85,15.5,14.77,15.36,1879600,7.68
2009-07-24,15.54,15.7,14.95,15.47,1092200,7.735
2009-07-27,15.4,15.48,14.82,15.4,1573800,7.7
2009-07-28,15.35,15.5,14.89,15.31,1180600,7.655
2009-07-29,15.12,15.82,14.97,15.29,1656600,7.645
2009-07-30,15.41,16.02,15.28,15.52,1331400,7.76
2009-07-31,15.43,15.85,15.4,15.59,933400,7.795
2009-08-03,15.84,16.09,15.48,16.07,1040400,8.035
2009-08-04,16.02,16.07,15.46,15.53,1060600,7.765
2009-08-05,15.67,15.67,15.12,15.56,1175000,7.78
2009-08-06,15.67,16.09,15.03,15.39,871000,7.695
2009-08-07,15.64,16.639999,15.47,16.58,2206200,8.29
2009-08-10,16.379999,16.84,15.96,16.120001,1691200,8.06
2009-08-11,16.0,16.25,15.66,16.08,1278800,8.04
2009-08-12,16.08,16.379999,15.84,16.129999,929200,8.065
2009-08-13,16.18,16.540001,15.55,16.35,1230200,8.175
2009-08-14,16.379999,16.440001,15.69,15.9,1214600,7.95
2009-08-17,15.71,15.82,15.35,15.5,907400,7.75
2009-08-18,15.6,15.97,15.28,15.8,814400,7.9
2009-08-19,15.62,16.41,15.48,16.120001,1352600,8.06
2009-08-20,16.049999,16.26,15.5,15.89,1139600,7.945
2009-08-21,16.1,16.5,16.01,16.110001,1425200,8.055
2009-08-24,16.1,16.4,15.58,15.69,752000,7.845
2009-08-25,15.71,16.73,15.71,16.120001,1280600,8.06
2009-08-26,16.059999,16.77,16.059999,16.42,1064000,8.21
2009-08-27,16.32,16.879999,16.02,16.35,665000,8.175
2009-08-28,16.540001,16.66,16.02,16.59,1417600,8.295
2009-08-31,16.41,16.57,16.200001,16.23,851200,8.115
2009-09-01,16.190001,16.639999,15.81,16.0,1301800,8.0
2009-09-02,16.02,16.049999,15.77,15.87,1335600,7.935
2009-09-03,15.95,16.26,15.51,16.23,1094600,8.115
2009-09-04,16.25,16.549999,15.93,16.33,812000,8.165
2009-09-08,16.4,17.040001,16.280001,17.0,2644200,8.5
2009-09-09,16.959999,17.58,16.83,17.440001,1806000,8.72
2009-09-10,17.43,17.85,17.280001,17.780001,2169800,8.89
2009-09-11,17.75,17.879999,17.120001,17.790001,3188600,8.895
2009-09-14,17.700001,17.700001,17.25,17.440001,2097200,8.72
2009-09-15,17.440001,17.889999,17.16,17.76,2427000,8.88
2009-09-16,17.799999,18.4,17.66,18.190001,4222400,9.095
2009-09-17,17.309999,17.74,16.879999,17.23,7401000,8.615
2009-09-18,17.24,17.959999,16.98,17.91,3819600,8.955
2009-09-21,17.6,18.27,17.48,17.969999,3045800,8.985
2009-09-22,18.0,18.27,17.74,17.84,1514000,8.92
2009-09-23,17.99,18.200001,17.700001,17.799999,2687400,8.9
2009-09-24,17.809999,17.959999,17.370001,17.52,1773800,8.76
2009-09-25,17.51,17.92,17.34,17.68,1295200,8.84
2009-09-28,17.84,18.059999,17.629999,17.959999,1650400,8.98
2009-09-29,18.030001,18.469999,17.799999,18.389999,2192800,9.195
2009-09-30,18.299999,18.4,17.629999,17.93,2012800,8.965
2009-10-01,17.77,17.809999,17.16,17.379999,1948000,8.69
2009-10-02,17.32,17.639999,17.110001,17.209999,1144800,8.605
2009-10-05,17.25,18.01,17.15,17.85,1980600,8.925
2009-10-06,18.0,18.469999,17.98,18.32,1870800,9.16
2009-10-07,18.15,18.43,18.1,18.33,1059400,9.165
2009-10-08,18.42,18.91,18.299999,18.75,2908600,9.375
2009-10-09,18.799999,18.799999,18.43,18.629999,1601600,9.315
2009-10-12,18.68,19.059999,18.41,18.620001,1268800,9.31
2009-10-13,18.65,18.969999,18.459999,18.57,1431200,9.285
2009-10-14,18.75,19.08,18.690001,18.959999,1768000,9.48
2009-10-15,18.780001,19.059999,18.68,19.030001,1242200,9.515
2009-10-16,18.93,19.139999,18.57,18.889999,1315800,9.445
2009-10-19,19.030001,19.370001,18.700001,19.27,1312800,9.635
2009-10-20,19.34,19.52,19.0,19.35,2154000,9.675
2009-10-21,19.360001,20.01,18.93,19.049999,3380000,9.525
2009-10-22,19.200001,19.92,19.1,19.85,2365200,9.925
2009-10-23,19.85,19.92,19.23,19.389999,1435600,9.695
2009-10-26,19.6,20.110001,19.290001,19.360001,1251400,9.68
2009-10-27,19.48,19.48,18.49,18.719999,1464600,9.36
2009-10-28,18.690001,18.889999,17.98,18.059999,1263400,9.03
2009-10-29,18.190001,18.780001,18.17,18.440001,1208000,9.22
2009-10-30,18.41,18.48,17.93,18.049999,1743000,9.025
2009-11-02,18.139999,18.709999,17.85,18.200001,1781200,9.1
2009-11-03,18.129999,18.5,17.91,18.49,1230000,9.245
2009-11-04,18.559999,18.709999,18.16,18.32,1214000,9.16
2009-11-05,18.360001,18.690001,17.950001,18.049999,2258800,9.025
2009-11-06,17.959999,18.440001,17.889999,18.32,1260600,9.16
2009-11-09,18.41,19.02,18.41,18.98,999000,9.49
2009-11-10,18.91,19.209999,18.700001,18.780001,630800,9.39
2009-11-11,18.99,19.379999,18.620001,18.9,888400,9.45
2009-11-12,18.84,19.059999,18.459999,18.52,1295200,9.26
2009-11-13,18.57,18.77,18.18,18.73,763000,9.365
2009-11-16,18.77,19.48,18.77,19.4,2121000,9.7
2009-11-17,19.969999,21.610001,19.950001,21.129999,8254200,10.565
2009-11-18,21.07,21.219999,20.83,21.1,4587600,10.55
2009-11-19,20.83,20.99,20.190001,20.52,2490200,10.26
2009-11-20,21.5,22.42,21.129999,21.68,5783800,10.84
2009-11-23,21.83,22.1,21.719999,22.07,3079000,11.035
2009-11-24,22.07,22.1,21.459999,21.469999,2328000,10.735
2009-11-25,21.67,22.469999,21.59,22.24,4874200,11.12
2009-11-27,21.639999,22.139999,21.530001,21.790001,1599800,10.895
2009-11-30,21.84,21.91,21.0,21.469999,3013800,10.735
2009-12-01,21.58,21.75,21.059999,21.48,2380400,10.74
2009-12-02,21.389999,22.040001,21.02,21.52,2092800,10.76
2009-12-03,21.549999,21.620001,20.92,20.93,3707200,10.465
2009-12-04,21.57,21.690001,20.719999,21.290001,1537000,10.645
2009-12-07,21.299999,21.549999,21.15,21.309999,1523400,10.655
2009-12-08,21.08,21.290001,20.6,21.0,2981600,10.5
2009-12-09,21.0,21.17,20.4,20.719999,1721800,10.36
2009-12-10,20.860001,21.23,20.620001,20.950001,1498400,10.475
2009-12-11,21.030001,21.4,20.940001,21.1,2432200,10.55
2009-12-14,21.16,21.940001,21.16,21.879999,2095000,10.94
2009-12-15,21.66,21.91,21.360001,21.700001,2382000,10.85
2009-12-16,21.780001,22.74,21.780001,22.51,4842600,11.255
2009-12-17,22.309999,22.85,22.24,22.690001,2392000,11.345
2009-12-18,22.84,22.84,21.969999,22.629999,4019400,11.315
2009-12-21,22.67,22.82,22.0,22.74,1660800,11.37
2009-12-22,22.809999,23.07,22.780001,22.91,1338000,11.455
2009-12-23,23.0,23.209999,22.68,23.139999,922600,11.57
2009-12-24,23.15,23.209999,22.92,23.200001,453000,11.6
2009-12-28,23.23,23.51,23.1,23.18,1243200,11.59
2009-12-29,23.200001,23.51,23.190001,23.35,584200,11.675
2009-12-30,23.190001,23.370001,22.809999,23.26,1067600,11.63
2009-12-31,23.32,23.610001,23.01,23.09,980600,11.545
2010-01-04,23.34,23.889999,23.24,23.48,1571000,11.74
2010-01-05,23.459999,24.0,23.110001,23.940001,1953400,11.97
2010-01-06,24.0,24.959999,23.959999,24.700001,2488000,12.35
2010-01-07,24.76,25.41,24.4,25.23,3625200,12.615
2010-01-08,25.08,25.23,24.67,24.92,1933800,12.46
2010-01-11,25.440001,25.5,23.77,24.469999,4652000,12.235
2010-01-12,24.370001,24.370001,23.709999,24.08,2443600,12.04
2010-01-13,24.23,25.040001,24.23,25.0,2591000,12.5
2010-01-14,24.870001,25.389999,24.870001,25.389999,2699400,12.695
2010-01-15,25.450001,25.74,24.879999,24.950001,3547800,12.475
2010-01-19,25.0,25.52,24.9,25.52,2948000,12.76
2010-01-20,25.32,25.4,24.84,24.969999,3597600,12.485
2010-01-21,25.08,25.209999,24.110001,24.23,2128000,12.115
2010-01-22,24.16,24.82,23.93,23.969999,1921200,11.985
2010-01-25,24.200001,24.82,24.110001,24.190001,1915200,12.095
2010-01-26,24.049999,24.52,23.940001,23.940001,1310400,11.97
2010-01-27,23.860001,24.58,23.719999,24.459999,1222000,12.23
2010-01-28,24.57,24.629999,23.58,23.68,1621200,11.84
2010-01-29,23.700001,24.360001,23.530001,23.540001,1725200,11.77
2010-02-01,23.68,23.950001,23.309999,23.940001,1200800,11.97
2010-02-02,24.040001,24.620001,24.030001,24.58,1836400,12.29
2010-02-03,24.73,24.73,24.139999,24.42,3205200,12.21
2010-02-04,24.32,24.66,23.52,23.59,1426000,11.795
2010-02-05,23.709999,23.93,23.190001,23.440001,2436600,11.72
2010-02-08,23.41,23.700001,23.07,23.43,1348600,11.715
2010-02-09,23.74,24.09,23.299999,24.01,1810000,12.005
2010-02-10,23.969999,24.120001,23.68,23.809999,1377400,11.905
2010-02-11,23.82,24.280001,23.58,24.219999,1047800,12.11
2010-02-12,23.959999,24.129999,23.709999,24.129999,1129200,12.065
2010-02-16,24.379999,24.5,24.139999,24.4,1324000,12.2
2010-02-17,24.540001,24.84,24.379999,24.52,1385600,12.26
2010-02-18,24.299999,24.950001,24.16,24.950001,1157800,12.475
2010-02-19,24.91,25.370001,24.610001,24.98,1114200,12.49
2010-02-22,25.0,25.059999,24.709999,24.77,888200,12.385
2010-02-23,24.809999,24.92,24.190001,24.33,1248000,12.165
2010-02-24,24.040001,24.9,24.0,24.74,1218600,12.37
2010-02-25,24.42,24.92,24.24,24.83,1129400,12.415
2010-02-26,24.91,25.049999,24.59,24.860001,1520000,12.43
2010-03-01,25.1,25.799999,25.0,25.73,4240200,12.865
2010-03-02,26.08,27.08,26.030001,26.85,7973400,13.425
2010-03-03,26.950001,27.0,26.25,26.57,2543200,13.285
2010-03-04,26.75,27.0,26.620001,26.92,1860600,13.46
2010-03-05,27.0,27.07,26.790001,26.92,3033200,13.46
2010-03-08,27.02,27.280001,26.690001,26.790001,1893400,13.395
2010-03-09,26.629999,27.07,26.41,26.809999,1658200,13.405
2010-03-10,27.299999,27.299999,26.59,26.879999,1629000,13.44
2010-03-11,26.75,26.98,26.540001,26.940001,1093400,13.47
2010-03-12,27.0,27.030001,26.5,27.030001,1458000,13.515
2010-03-15,27.07,27.200001,26.67,27.0,1440400,13.5
2010-03-16,26.98,27.110001,26.639999,26.950001,1532200,13.475
2010-03-17,27.0,27.040001,26.42,26.459999,1671600,13.23
2010-03-18,26.379999,26.700001,26.25,26.389999,894600,13.195
2010-03-19,26.530001,26.530001,25.75,25.790001,3872400,12.895
2010-03-22,25.75,26.559999,25.75,26.51,1497400,13.255
2010-03-23,26.540001,26.99,26.23,26.889999,1402400,13.445
2010-03-24,26.889999,26.9,26.32,26.450001,1118400,13.225
2010-03-25,26.68,26.99,26.33,26.379999,1039200,13.19
2010-03-26,26.51,26.92,26.26,26.540001,732400,13.27
2010-03-29,26.790001,26.91,26.16,26.5,819800,13.25
2010-03-30,26.450001,26.700001,26.07,26.27,1058000,13.135
2010-03-31,26.110001,26.58,26.01,26.139999,2369000,13.07
2010-04-01,26.370001,26.84,26.0,26.67,1040600,13.335
2010-04-05,27.0,27.559999,26.74,27.43,1753400,13.715
2010-04-06,27.559999,27.799999,27.18,27.799999,1932200,13.9
2010-04-07,27.629999,27.84,27.360001,27.58,1983600,13.79
2010-04-08,27.639999,28.379999,27.57,28.26,2696800,14.13
2010-04-09,28.280001,28.450001,27.969999,28.389999,16999200,14.195
2010-04-12,28.42,28.58,28.030001,28.17,2133600,14.085
2010-04-13,28.190001,28.68,28.059999,28.549999,1541800,14.275
2010-04-14,28.690001,29.35,28.66,29.25,1801200,14.625
2010-04-15,29.27,29.6,29.0,29.440001,1679600,14.72
2010-04-16,29.35,29.35,28.540001,29.01,1857600,14.505
2010-04-19,28.780001,29.32,27.93,28.66,1659800,14.33
2010-04-20,28.75,28.92,28.34,28.68,914000,14.34
2010-04-21,28.76,29.299999,28.379999,29.219999,1319600,14.61
2010-04-22,28.98,30.08,28.790001,29.959999,1676800,14.98
2010-04-23,30.01,30.4,29.549999,30.25,1832000,15.125
2010-04-26,30.110001,30.58,29.66,30.18,1401400,15.09
2010-04-27,30.110001,30.299999,28.93,28.99,1655800,14.495
2010-04-28,29.07,29.5,28.58,28.85,1629200,14.425
2010-04-29,29.030001,29.389999,28.57,28.700001,2207000,14.35
2010-04-30,28.77,28.950001,27.629999,27.639999,2735200,13.82
2010-05-03,27.85,28.809999,27.610001,28.48,1314200,14.24
2010-05-04,28.059999,28.17,27.58,27.790001,1546000,13.895
2010-05-05,27.42,28.719999,27.209999,28.0,2404000,14.0
2010-05-06,29.33,29.5,25.360001,28.1,4966800,14.05
2010-05-07,28.809999,28.809999,27.200001,27.51,4693800,13.755
2010-05-10,29.32,29.75,28.459999,28.99,2888800,14.495
2010-05-11,28.65,29.799999,28.450001,29.450001,1953200,14.725
2010-05-12,29.57,30.309999,29.280001,30.18,2388000,15.09
2010-05-13,30.0,30.15,28.450001,28.690001,2304200,14.345
2010-05-14,28.43,28.83,27.91,28.27,1571000,14.135
2010-05-17,28.4,28.959999,27.219999,28.620001,2064400,14.31
2010-05-18,29.01,29.309999,27.870001,27.889999,2498800,13.945
2010-05-19,27.639999,28.18,27.17,27.610001,3315000,13.805
2010-05-20,26.719999,27.780001,26.59,27.02,2191200,13.51
2010-05-21,26.49,27.950001,26.16,27.200001,2498600,13.6
2010-05-24,27.299999,27.5,26.969999,27.02,2230200,13.51
2010-05-25,26.48,27.9,26.1,27.469999,3259800,13.735
2010-05-26,27.66,27.9,26.370001,26.629999,6329600,13.315
2010-05-27,27.200001,28.049999,27.17,27.83,4205000,13.915
2010-05-28,27.59,27.82,27.040001,27.389999,1982000,13.695
2010-06-01,27.01,27.49,26.610001,26.66,1608800,13.33
2010-06-02,26.77,26.91,25.959999,26.700001,2631600,13.35
2010-06-03,26.639999,27.48,26.450001,26.98,2003000,13.49
2010-06-04,26.23,26.68,25.35,25.450001,2742600,12.725
2010-06-07,25.57,25.74,24.620001,24.66,2941800,12.33
2010-06-08,24.629999,24.9,23.85,24.65,2864200,12.325
2010-06-09,24.84,25.68,24.799999,25.1,2714200,12.55
2010-06-10,25.549999,26.34,25.35,26.209999,2155200,13.105
2010-06-11,25.959999,26.5,25.65,26.469999,2011400,13.235
2010-06-14,26.65,27.360001,26.629999,26.91,1302200,13.455
2010-06-15,26.91,27.309999,26.52,27.200001,1179800,13.6
2010-06-16,26.870001,27.200001,26.43,26.690001,1508400,13.345
2010-06-17,26.709999,26.870001,26.049999,26.370001,1393000,13.185
2010-06-18,26.4,26.700001,25.959999,26.049999,2395000,13.025
2010-06-21,26.34,26.6,25.200001,25.41,2242400,12.705
2010-06-22,25.530001,26.16,24.790001,24.860001,2623800,12.43
2010-06-23,24.9,25.49,24.559999,25.190001,1370200,12.595
2010-06-24,24.950001,25.09,24.4,24.799999,2424200,12.4
2010-06-25,24.85,25.290001,24.299999,24.77,6476200,12.385
2010-06-28,24.709999,24.969999,24.35,24.469999,1970800,12.235
2010-06-29,24.08,24.299999,23.43,23.950001,3316000,11.975
2010-06-30,23.99,24.559999,23.280001,23.809999,2794200,11.905
2010-07-01,23.75,24.620001,23.209999,24.530001,2550400,12.265
2010-07-02,24.709999,24.75,24.01,24.219999,1416200,12.11
2010-07-06,24.549999,25.15,23.879999,24.030001,2654800,12.015
2010-07-07,24.059999,24.719999,23.91,24.59,1713400,12.295
2010-07-08,24.76,24.860001,23.799999,24.280001,2135600,12.14
2010-07-09,24.18,24.690001,24.059999,24.610001,1119200,12.305
2010-07-12,24.42,24.82,23.889999,24.299999,1292800,12.15
2010-07-13,24.549999,25.280001,24.309999,25.190001,1540400,12.595
2010-07-14,25.18,25.280001,24.719999,24.950001,997000,12.475
2010-07-15,24.93,25.25,24.290001,24.85,1115600,12.425
2010-07-16,24.68,24.780001,23.85,23.870001,1774400,11.935
2010-07-19,23.620001,23.809999,23.08,23.24,2835400,11.62
2010-07-20,22.889999,23.83,22.709999,23.690001,2177600,11.845
2010-07-21,23.790001,23.809999,22.99,23.200001,1820800,11.6
2010-07-22,23.57,23.98,23.450001,23.82,1993600,11.91
2010-07-23,23.57,24.34,23.280001,24.16,2160000,12.08
2010-07-26,24.24,24.540001,23.73,24.469999,1487600,12.235
2010-07-27,24.639999,24.76,23.860001,24.110001,1217800,12.055
2010-07-28,23.99,24.35,23.530001,23.75,999600,11.875
2010-07-29,23.950001,24.15,22.85,23.799999,2414800,11.9
2010-07-30,23.18,24.75,23.0,24.700001,3367800,12.35
2010-08-02,24.98,25.25,24.52,25.030001,1804800,12.515
2010-08-03,24.83,24.950001,23.74,24.07,1782200,12.035
2010-08-04,24.110001,24.459999,23.58,23.73,2991200,11.865
2010-08-05,23.68,23.780001,22.959999,23.719999,3053800,11.86
2010-08-06,23.32,23.84,23.15,23.77,2339000,11.885
2010-08-09,23.99,24.290001,23.92,24.219999,1973400,12.11
2010-08-10,23.940001,24.34,23.780001,23.940001,1720000,11.97
2010-08-11,23.450001,23.709999,22.84,22.91,2361400,11.455
2010-08-12,22.51,22.92,22.110001,22.780001,1771400,11.39
2010-08-13,22.639999,22.77,21.9,21.93,2143200,10.965
2010-08-16,21.76,22.469999,21.620001,22.200001,1278800,11.1
2010-08-17,22.48,22.879999,22.290001,22.4,1604000,11.2
2010-08-18,22.299999,22.719999,22.09,22.5,1457400,11.25
2010-08-19,22.450001,22.700001,22.0,22.209999,1520200,11.105
2010-08-20,22.129999,22.33,21.5,21.950001,1643800,10.975
2010-08-23,22.01,22.360001,21.67,21.719999,970600,10.86
2010-08-24,21.51,21.530001,21.0,21.18,1847000,10.59
2010-08-25,20.950001,21.709999,20.77,21.57,1545800,10.785
2010-08-26,21.59,21.68,21.129999,21.15,1965400,10.575
2010-08-27,21.32,21.6,20.950001,21.43,1904600,10.715
2010-08-30,21.4,21.559999,20.91,20.92,1592600,10.46
2010-08-31,20.82,21.34,20.77,20.85,3671000,10.425
2010-09-01,21.219999,21.93,21.129999,21.870001,1823000,10.935
2010-09-02,21.83,22.790001,21.83,22.66,1963200,11.33
2010-09-03,23.0,23.799999,22.790001,22.889999,1637600,11.445
2010-09-07,22.84,22.950001,22.280001,22.309999,1282400,11.155
2010-09-08,22.450001,22.799999,22.129999,22.299999,1996000,11.15
2010-09-09,22.530001,22.76,22.219999,22.639999,1570000,11.32
2010-09-10,22.6,22.99,22.52,22.57,1395200,11.285
2010-09-13,22.940001,24.200001,22.85,24.17,2868200,12.085
2010-09-14,24.219999,25.07,24.07,24.75,2701600,12.375
2010-09-15,24.65,24.719999,24.110001,24.440001,2676000,12.22
2010-09-16,23.6,24.190001,22.950001,23.299999,4209200,11.65
2010-09-17,23.620001,24.129999,22.99,23.860001,5707200,11.93
2010-09-20,23.76,24.049999,23.309999,24.01,3319800,12.005
2010-09-21,23.92,23.92,23.219999,23.48,2674800,11.74
2010-09-22,23.25,23.77,23.139999,23.309999,1079800,11.655
2010-09-23,23.129999,23.75,23.030001,23.58,1386800,11.79
2010-09-24,23.959999,24.35,23.76,24.01,2373000,12.005
2010-09-27,24.07,24.200001,23.83,23.9,1840800,11.95
2010-09-28,24.030001,24.34,23.6,24.27,1867600,12.135
2010-09-29,24.09,24.25,23.77,23.879999,1998200,11.94
2010-09-30,23.969999,24.17,23.540001,23.75,1737200,11.875
2010-10-01,24.030001,24.280001,23.57,23.75,1216000,11.875
2010-10-04,23.66,23.85,23.200001,23.33,1977800,11.665
2010-10-05,23.629999,24.059999,23.41,23.68,2352400,11.84
2010-10-06,23.610001,24.370001,23.610001,24.24,1740800,12.12
2010-10-07,24.43,24.6,24.07,24.389999,1489600,12.195
2010-10-08,24.379999,25.469999,24.280001,25.280001,2177800,12.64
2010-10-11,25.25,25.42,24.959999,25.0,1101600,12.5
2010-10-12,24.92,25.5,24.5,25.379999,1190600,12.69
2010-10-13,25.450001,25.73,25.030001,25.110001,1458200,12.555
2010-10-14,25.02,25.42,24.57,24.809999,1193400,12.405
2010-10-15,25.16,25.440001,24.67,25.1,1280600,12.55
2010-10-18,25.059999,25.440001,24.950001,25.129999,857600,12.565
2010-10-19,24.690001,24.780001,23.9,24.15,1827200,12.075
2010-10-20,24.299999,24.559999,24.030001,24.299999,806200,12.15
2010-10-21,24.5,24.5,22.27,22.440001,8446800,11.22
2010-10-22,22.43,23.17,22.27,22.99,3664400,11.495
2010-10-25,23.09,23.370001,22.98,23.01,1742000,11.505
2010-10-26,22.83,23.74,22.49,23.450001,1432600,11.725
2010-10-27,23.32,23.32,22.67,23.049999,1374600,11.525
2010-10-28,23.24,23.24,22.59,22.950001,1034400,11.475
2010-10-29,22.950001,23.110001,22.379999,22.940001,1124800,11.47
2010-11-01,23.1,23.41,22.690001,22.799999,1968800,11.4
2010-11-02,23.049999,23.42,22.77,23.299999,2217800,11.65
2010-11-03,23.33,23.59,22.950001,23.139999,2744400,11.57
2010-11-04,23.65,24.379999,23.26,23.799999,3900200,11.9
2010-11-05,23.9,24.32,23.75,24.299999,3401600,12.15
2010-11-08,24.219999,24.530001,24.049999,24.43,1069800,12.215
2010-11-09,24.610001,24.67,24.120001,24.25,1520400,12.125
2010-11-10,24.33,24.469999,23.99,24.129999,1265800,12.065
2010-11-11,23.83,24.49,23.690001,24.17,814400,12.085
2010-11-12,24.0,24.299999,23.700001,23.719999,822000,11.86
2010-11-15,23.799999,24.16,23.719999,23.790001,1197600,11.895
2010-11-16,23.65,24.370001,23.32,23.780001,1862600,11.89
2010-11-17,23.879999,24.540001,23.780001,24.42,2863600,12.21
2010-11-18,24.629999,25.15,24.51,24.67,3146000,12.335
2010-11-19,24.540001,25.0,23.639999,23.879999,3581600,11.94
2010-11-22,23.85,24.17,23.51,23.780001,2528400,11.89
2010-11-23,23.52,23.950001,23.360001,23.860001,1929800,11.93
2010-11-24,23.98,24.65,23.959999,24.610001,1600800,12.305
2010-11-26,24.5,24.700001,24.35,24.67,443800,12.335
2010-11-29,24.629999,24.629999,23.98,24.379999,1489200,12.19
2010-11-30,24.1,25.0,24.01,24.74,2458800,12.37
2010-12-01,25.040001,25.379999,24.540001,24.68,1436600,12.34
2010-12-02,24.67,25.25,24.43,25.110001,2736200,12.555
2010-12-03,25.059999,25.809999,24.82,25.709999,2261000,12.855
2010-12-06,25.610001,25.91,25.6,25.879999,1786400,12.94
2010-12-07,26.08,26.23,25.700001,25.809999,1698800,12.905
2010-12-08,25.91,26.0,25.389999,25.450001,798800,12.725
2010-12-09,25.65,25.870001,25.48,25.68,1126200,12.84
2010-12-10,25.639999,26.209999,25.49,26.200001,1177400,13.1
2010-12-13,26.27,26.27,25.469999,25.559999,1840600,12.78
2010-12-14,25.700001,25.780001,25.459999,25.67,1319600,12.835
2010-12-15,25.549999,25.68,25.1,25.190001,1645000,12.595
2010-12-16,25.299999,26.25,25.17,26.040001,1948200,13.02
2010-12-17,26.07,26.35,25.799999,25.940001,2411800,12.97
2010-12-20,25.700001,26.18,25.700001,25.99,962800,12.995
2010-12-21,26.16,26.370001,25.85,26.370001,962800,13.185
2010-12-22,26.370001,26.469999,26.17,26.27,1264200,13.135
2010-12-23,26.32,26.48,26.129999,26.389999,1221600,13.195
2010-12-27,26.27,26.35,25.870001,26.120001,925800,13.06
2010-12-28,26.09,26.549999,26.0,26.32,1019600,13.16
2010-12-29,26.34,26.799999,26.26,26.620001,775200,13.31
2010-12-30,26.549999,27.07,26.469999,26.780001,2584000,13.39
2010-12-31,26.690001,26.77,26.370001,26.42,800800,13.21
