Date,Open,High,Low,Close,Volume,Adj Close
2006-10-17,18.069998,18.080002,17.66,17.969999,1741300,25.56087
2006-10-18,18.240002,18.240002,17.59,17.670001,1484400,25.134146
2006-10-19,17.670001,17.790002,17.210002,17.270002,1481700,24.56518
2006-10-20,17.399999,17.899999,17.249999,17.849998,1440300,25.390178
2006-10-23,18.100001,18.100001,17.650001,17.790002,1152300,25.304838
2006-10-24,17.800001,18.080002,17.720001,17.899999,880300,25.4613
2006-10-25,17.98,18.090002,17.609999,18.069998,1214900,25.70311
2006-10-26,18.230001,19.930002,18.069998,19.309998,4729700,27.46691
2006-10-27,19.6,20.100001,19.379999,20.070002,3889400,28.547954
2006-10-30,20.269999,21.100002,20.119998,20.329999,1939000,28.917779
2006-10-31,20.84,20.980001,19.780002,20.000002,1322000,28.448384
2006-11-01,20.199999,20.429998,19.749999,19.749999,854100,28.092776
2006-11-02,19.749999,20.399999,19.500001,19.51,821700,27.751397
2006-11-03,19.640002,19.969999,19.6,19.850001,787000,28.23502
2006-11-06,19.899999,20.269999,19.769999,19.989998,842300,28.434155
2006-11-07,20.000002,20.150001,19.759998,19.96,706900,28.391485
2006-11-08,19.51,19.619998,18.799999,19.179998,1550900,27.281996
2006-11-09,19.28,20.199999,19.099998,20.199999,992300,28.732864
2006-11-10,20.000002,20.11,19.51,19.989998,765600,28.434155
2006-11-13,19.96,19.96,19.720001,19.879999,332800,28.27769
2006-11-14,19.920001,20.059999,19.700002,19.940001,520000,28.363037
2006-11-15,19.940001,20.119998,19.850001,20.02,591700,28.47683
2006-11-16,19.96,20.080001,19.850001,20.080001,374000,28.562177
2006-11-17,20.000002,20.000002,19.640002,19.769999,485900,28.121223
2006-11-20,19.850001,19.89,19.330003,19.500001,427000,27.737174
2006-11-21,19.399998,19.449999,19.000001,19.260002,1593300,27.395795
2006-11-22,18.939999,19.480002,18.799999,19.330003,1469400,27.495364
2006-11-24,19.019999,19.200001,18.980001,19.169998,141100,27.267771
2006-11-27,19.000001,19.099998,18.450002,18.900002,826500,26.883724
2006-11-28,18.600002,18.939999,18.080002,18.900002,782200,26.883724
2006-11-29,19.15,19.190002,18.900002,19.040001,458600,27.082861
2006-11-30,19.000001,19.069999,18.760002,18.970002,246600,26.983293
2006-12-01,18.93,18.949998,18.709999,18.820001,371500,26.769929
2006-12-04,18.620001,18.799999,18.569999,18.760002,306900,26.684584
2006-12-05,18.79,19.069999,18.680001,18.980001,370000,26.997516
2006-12-06,18.980001,19.110001,18.729999,19.099998,580200,27.168201
2006-12-07,19.200001,19.249999,18.900002,19.21,364800,27.32467
2006-12-08,19.06,19.449999,19.050002,19.35,545200,27.52381
2006-12-11,19.35,19.500001,18.910001,18.959999,499600,26.969064
2006-12-12,19.000001,19.82,18.750001,19.720001,946200,28.050106
2006-12-13,19.099998,19.099998,18.12,18.240002,2291600,25.944926
2006-12-14,18.020002,18.34,17.650001,17.960001,1634700,25.546647
2006-12-15,18.230001,18.85,17.999998,18.7,3829300,26.599237
2006-12-18,18.610001,18.649999,18.129999,18.18,769000,25.859579
2006-12-19,18.030001,18.139998,17.759999,17.899999,914900,25.4613
2006-12-20,17.899999,18.170001,17.800001,17.950002,428200,25.532425
2006-12-21,17.899999,18.030001,17.75,17.849998,466400,25.390178
2006-12-22,17.899999,17.940001,17.779998,17.849998,537800,25.390178
2006-12-26,17.849998,17.940001,17.650001,17.670001,322300,25.134146
2006-12-27,17.670001,17.720001,17.409999,17.510001,464400,24.906559
2006-12-28,17.899999,17.899999,17.510001,17.75,520500,25.247938
2006-12-29,17.779998,17.899999,17.670001,17.790002,476800,25.304838
2007-01-03,17.870001,18.2,17.790002,18.18,714500,25.859579
2007-01-04,18.25,18.33,17.899999,18.090002,398100,25.731564
2007-01-05,17.699999,18.080002,17.52,17.549998,457000,24.963452
2007-01-08,17.549998,17.670001,17.329998,17.66,504900,25.119921
2007-01-09,17.549998,17.73,17.409999,17.68,802100,25.148369
2007-01-10,17.769999,17.969999,17.6,17.779998,438300,25.290609
2007-01-11,17.779998,18.499998,17.740001,17.940001,859400,25.5182
2007-01-12,17.919999,18.380002,17.710003,17.75,569200,25.247938
2007-01-16,17.75,17.779998,17.510001,17.670001,504300,25.134146
2007-01-17,17.609999,18.080002,17.6,17.989999,591900,25.589318
2007-01-18,17.800001,17.800001,17.39,17.409999,824500,24.764315
2007-01-19,17.380001,17.68,16.980002,17.68,955000,25.148369
2007-01-22,17.759999,18.129999,17.68,18.069998,954300,25.70311
2007-01-23,18.020002,18.390001,17.800001,18.25,533100,25.959149
2007-01-24,18.05,18.41,17.829999,18.279999,741300,26.001819
2007-01-25,18.320001,18.390001,18.139998,18.34,788400,26.087166
2007-01-26,18.25,18.579999,18.18,18.439999,707300,26.229406
2007-01-29,18.429998,18.569999,18.320001,18.509999,503500,26.328976
2007-01-30,18.569999,18.840001,18.349999,18.670002,483100,26.556567
2007-01-31,18.85,18.92,18.460001,18.550001,1063800,26.385875
2007-02-01,18.499998,18.589998,17.870001,18.149999,1678500,25.816905
2007-02-02,18.160002,18.47,18.12,18.439999,768200,26.229406
2007-02-05,18.4,18.639999,18.279999,18.56,507900,26.400098
2007-02-06,18.589998,18.600002,18.460001,18.499998,357800,26.314751
2007-02-07,18.499998,18.550001,18.209999,18.27,495400,25.987596
2007-02-08,18.25,18.7,18.25,18.680001,589100,26.57079
2007-02-09,18.750001,18.799999,18.33,18.480001,311400,26.286305
2007-02-12,18.480001,18.499998,17.950002,17.989999,686500,25.589318
2007-02-13,18.149999,18.300001,17.810001,17.989999,553400,25.589318
2007-02-14,18.100001,18.230001,17.960001,18.149999,416000,25.816905
2007-02-15,18.300001,18.349999,18.149999,18.170001,313000,25.845356
2007-02-16,18.18,18.33,18.12,18.33,187300,26.072941
2007-02-20,18.33,18.600002,18.05,18.509999,267100,26.328976
2007-02-21,18.47,18.729999,18.33,18.359998,294700,26.115611
2007-02-22,18.11,18.659998,18.010001,18.359998,357100,26.115611
2007-02-23,18.419999,18.439999,18.25,18.259999,155100,25.973372
2007-02-26,18.530001,18.799999,18.480001,18.49,565100,26.300528
2007-02-27,18.230001,18.460001,17.929998,18.05,415100,25.674665
2007-02-28,17.91,18.2,17.899999,18.030001,555300,25.646217
2007-03-01,17.899999,18.2,17.720001,17.989999,363600,25.589318
2007-03-02,17.899999,18.080002,17.570002,17.640002,584600,25.091476
2007-03-05,17.549998,17.91,17.52,17.670001,436500,25.134146
2007-03-06,17.769999,17.969999,17.699999,17.919999,253400,25.489748
2007-03-07,17.91,17.989999,17.75,17.839999,165000,25.375956
2007-03-08,17.929998,17.969999,17.510001,17.75,517100,25.247938
2007-03-09,17.699999,17.89,17.500002,17.800001,265600,25.31906
2007-03-12,17.800001,17.919999,17.720001,17.75,579300,25.247938
2007-03-13,17.670001,17.759999,17.500002,17.53,258800,24.935007
2007-03-14,17.500002,17.640002,17.350002,17.640002,227700,25.091476
2007-03-15,17.75,17.899999,17.710003,17.880001,280800,25.432855
2007-03-16,17.880001,18.18,17.870001,18.139998,511700,25.80268
2007-03-19,18.010001,18.310002,17.940001,18.219999,271700,25.916474
2007-03-20,18.209999,18.25,17.98,17.999998,288100,25.60354
2007-03-21,18.010001,18.090002,17.899999,17.950002,492000,25.532425
2007-03-22,17.969999,18.020002,17.860002,18.010001,424000,25.61777
2007-03-23,17.999998,18.010001,17.849998,17.899999,410100,25.4613
2007-03-26,17.98,17.989999,17.619998,17.699999,311500,25.176816
2007-03-27,17.710003,17.73,17.559998,17.629999,283200,25.077247
2007-03-28,17.6,17.740001,17.479998,17.609999,455900,25.048799
2007-03-29,17.650001,17.699999,17.37,17.469999,412400,24.84966
2007-03-30,17.449999,17.650001,17.24,17.319999,427600,24.636298
2007-04-02,17.409999,17.619998,17.360001,17.479998,415100,24.863882
2007-04-03,17.52,17.849998,17.52,17.759999,541500,25.262161
2007-04-04,17.779998,17.779998,17.6,17.629999,316200,25.077247
2007-04-05,17.549998,17.549998,16.860001,16.92,1136500,24.067331
2007-04-09,16.799999,17.050002,16.700001,17.029999,1035800,24.223796
2007-04-10,16.980002,17.029999,16.879998,16.879998,484700,24.010432
2007-04-11,16.900003,17.24,16.599999,17.1,1062000,24.323366
2007-04-12,17.549998,18.100001,17.549998,17.999998,2260200,25.60354
2007-04-13,17.919999,18.569999,17.800001,18.369998,1242000,26.129836
2007-04-16,18.499998,19.099998,18.369998,18.670002,2369000,26.556567
2007-04-17,18.680001,19.110001,18.300001,18.310002,1229700,26.044496
2007-04-18,18.310002,18.770001,18.160002,18.659998,655400,26.542338
2007-04-19,18.659998,18.809998,18.34,18.349999,554400,26.101389
2007-04-20,18.649999,18.649999,18.090002,18.499998,930900,26.314751
2007-04-23,18.460001,18.7,18.460001,18.620001,361800,26.485445
2007-04-24,18.620001,18.830002,18.499998,18.820001,733900,26.769929
2007-04-25,18.760002,18.779999,18.419999,18.419999,730200,26.200958
2007-04-26,18.320001,18.41,17.969999,18.359998,1329800,26.115611
2007-04-27,18.300001,18.530001,18.25,18.530001,298000,26.357428
2007-04-30,18.530001,18.550001,18.289998,18.289998,556100,26.016042
2007-05-01,18.25,18.600002,18.100001,18.600002,606800,26.456997
2007-05-02,18.499998,19.019999,18.4,18.900002,780000,26.883724
2007-05-03,19.130001,19.249999,18.830002,18.980001,846200,26.997516
2007-05-04,18.980001,19.260002,18.879998,19.260002,388400,27.395795
2007-05-07,19.260002,19.260002,18.600002,18.949998,620900,26.954839
2007-05-08,18.85,19.179998,18.670002,19.000001,356900,27.025963
2007-05-09,18.900002,18.949998,18.579999,18.659998,412100,26.542338
2007-05-10,18.56,18.579999,17.960001,18.05,821000,25.674665
2007-05-11,18.100001,18.25,18.069998,18.170001,482500,25.845356
2007-05-14,18.139998,18.170001,17.999998,18.069998,755000,25.70311
2007-05-15,18.05,18.429998,18.04,18.279999,626300,26.001819
2007-05-16,18.259999,18.620001,18.2,18.530001,344700,26.357428
2007-05-17,18.530001,18.620001,18.300001,18.439999,229600,26.229406
2007-05-18,18.460001,18.890002,18.4,18.79,326300,26.727254
2007-05-21,18.639999,19.120002,18.54,19.01,616300,27.040186
2007-05-22,18.959999,19.290001,18.949998,19.229999,489200,27.353118
2007-05-23,19.249999,19.619998,19.169998,19.249999,543300,27.381565
2007-05-24,19.249999,19.3,18.550001,18.600002,832200,26.456997
2007-05-25,18.7,19.000001,18.54,19.000001,415900,27.025963
2007-05-29,18.949998,19.500001,18.79,19.500001,626800,27.737174
2007-05-30,19.309998,19.989998,19.110001,19.940001,652900,28.363037
2007-05-31,19.879999,20.199999,19.749999,20.150001,1107600,28.661746
2007-06-01,20.100001,20.199999,19.769999,19.95,715600,28.37726
2007-06-04,19.95,20.000002,19.679999,19.73,469300,28.064328
2007-06-05,19.640002,19.700002,19.330003,19.539999,503000,27.794067
2007-06-06,19.6,19.89,19.21,19.589999,387700,27.865189
2007-06-07,18.980001,18.980001,17.950002,17.969999,1547600,25.56087
2007-06-08,17.999998,18.240002,17.800001,18.04,808700,25.66044
2007-06-11,18.569999,18.620001,18.010001,18.069998,725500,25.70311
2007-06-12,17.999998,18.069998,17.73,17.73,408900,25.219491
2007-06-13,17.800001,18.2,17.800001,18.129999,405800,25.788457
2007-06-14,18.2,18.34,18.069998,18.18,447700,25.859579
2007-06-15,18.49,18.49,18.100001,18.190001,596600,25.873804
2007-06-18,18.259999,18.27,17.929998,17.999998,448500,25.60354
2007-06-19,17.960001,18.349999,17.839999,18.279999,401100,26.001819
2007-06-20,18.33,18.439999,18.030001,18.160002,325000,25.831134
2007-06-21,18.069998,18.240002,17.98,18.11,224700,25.760009
2007-06-22,18.05,18.05,17.839999,17.929998,857700,25.503971
2007-06-25,17.810001,17.929998,17.59,17.769999,658200,25.276386
2007-06-26,17.829999,18.480001,17.220001,17.59,580200,25.020351
2007-06-27,17.409999,18.25,17.399999,18.069998,869400,25.70311
2007-06-28,18.080002,18.390001,18.010001,18.18,450300,25.859579
2007-06-29,18.209999,18.359998,18.04,18.069998,554100,25.70311
2007-07-02,18.240002,18.41,18.059999,18.11,499200,25.760009
2007-07-03,18.279999,18.279999,17.98,18.080002,248900,25.717339
2007-07-05,18.04,18.160002,17.989999,18.020002,206000,25.631994
2007-07-06,17.999998,18.100001,17.91,17.989999,220800,25.589318
2007-07-09,17.969999,18.129999,17.899999,18.010001,442000,25.61777
2007-07-10,17.860002,18.010001,17.650001,17.790002,520400,25.304838
2007-07-11,17.769999,17.89,17.609999,17.720001,477900,25.205268
2007-07-12,17.800001,17.929998,17.699999,17.73,708200,25.219491
2007-07-13,17.699999,18.020002,17.609999,17.89,660000,25.447078
2007-07-16,17.880001,18.160002,17.860002,17.999998,511500,25.60354
2007-07-17,17.999998,18.47,17.969999,18.33,646800,26.072941
2007-07-18,18.18,18.369998,18.010001,18.25,574400,25.959149
2007-07-19,18.390001,18.41,18.240002,18.349999,781400,26.101389
2007-07-20,18.310002,18.4,18.219999,18.300001,779500,26.030271
2007-07-23,18.27,18.41,18.12,18.4,773600,26.172511
2007-07-24,18.100001,18.170001,17.52,17.539999,1017800,24.949229
2007-07-25,17.6,17.790002,17.549998,17.75,594200,25.247938
2007-07-26,17.53,17.839999,16.900003,17.220001,907500,24.494058
2007-07-27,17.150001,17.270002,16.949999,17.000001,728300,24.181126
2007-07-30,16.949999,17.420001,16.610001,17.319999,1404000,24.636298
2007-07-31,17.46,17.46,16.72,16.760002,1119900,23.839747
2007-08-01,16.58,16.87,16.279999,16.79,869600,23.882417
2007-08-02,16.729999,16.930001,16.589999,16.770001,780900,23.853969
2007-08-03,16.700001,17.000001,16.589999,16.969998,900700,24.138449
2007-08-06,17.000001,17.210002,16.799999,16.900003,1057600,24.038886
2007-08-07,17.01,17.039998,16.599999,16.94,642200,24.095779
2007-08-08,17.060001,17.339999,16.92,17.179999,657700,24.437158
2007-08-09,17.089999,17.3,16.659999,16.700001,946000,23.7544
2007-08-10,16.700001,17.500002,16.529999,17.270002,889000,24.56518
2007-08-13,17.449999,17.790002,17.019999,17.150001,665500,24.394488
2007-08-14,17.31,17.449999,16.770001,16.770001,547900,23.853969
2007-08-15,16.770001,17.200001,16.680001,16.819999,543700,23.925087
2007-08-16,16.85,17.070001,16.11,16.65,1222100,23.683277
2007-08-17,16.840001,17.249999,16.700001,16.92,1188000,24.067331
2007-08-20,17.000001,17.159999,16.749998,17.01,549500,24.195349
2007-08-21,16.930001,17.449999,16.860001,17.319999,310500,24.636298
2007-08-22,17.409999,17.779998,17.409999,17.769999,342400,25.276386
2007-08-23,17.790002,17.880001,17.249999,17.39,339200,24.735867
2007-08-24,17.510001,17.999998,17.420001,17.82,478700,25.347508
2007-08-27,17.710003,17.759999,17.329998,17.46,360800,24.835437
2007-08-28,17.399999,17.929998,17.39,17.759999,567200,25.262161
2007-08-29,17.790002,18.149999,17.59,18.11,657500,25.760009
2007-08-30,17.969999,18.499998,17.839999,18.4,722900,26.172511
2007-08-31,18.41,18.499998,18.240002,18.310002,516300,26.044496
2007-09-04,18.240002,18.600002,18.059999,18.18,664300,25.859579
2007-09-05,18.059999,18.160002,17.710003,17.73,466600,25.219491
2007-09-06,17.899999,17.940001,17.650001,17.860002,390500,25.404408
2007-09-07,18.149999,18.949998,18.05,18.520003,1510200,26.343205
2007-09-10,18.56,18.949998,18.56,18.770001,824600,26.698807
2007-09-11,18.830002,18.85,17.940001,17.969999,903100,25.56087
2007-09-12,17.880001,18.4,17.800001,18.25,581200,25.959149
2007-09-13,18.279999,18.670002,18.190001,18.359998,343700,26.115611
2007-09-14,18.25,18.649999,18.2,18.530001,361500,26.357428
2007-09-17,18.439999,18.54,18.2,18.289998,538000,26.016042
2007-09-18,18.320001,18.620001,18.2,18.620001,443700,26.485445
2007-09-19,18.620001,18.739998,18.419999,18.550001,515600,26.385875
2007-09-20,18.499998,18.600002,18.41,18.49,256600,26.300528
2007-09-21,18.460001,18.670002,18.320001,18.320001,458500,26.058719
2007-09-24,18.390001,18.499998,18.219999,18.27,250900,25.987596
2007-09-25,18.129999,18.530001,18.030001,18.520003,247400,26.343205
2007-09-26,18.620001,18.820001,18.520003,18.659998,348100,26.542338
2007-09-27,18.709999,18.980001,18.600002,18.93,545400,26.926394
2007-09-28,18.770001,19.249999,18.709999,19.190002,1109700,27.296225
2007-10-01,19.190002,19.879999,19.089999,19.21,1139200,27.32467
2007-10-02,19.169998,19.21,18.579999,18.750001,635600,26.670359
2007-10-03,18.739998,19.3,18.620001,19.249999,670500,27.381565
2007-10-04,19.319999,19.630001,19.120002,19.169998,607100,27.267771
2007-10-05,19.28,19.630001,19.130001,19.28,339900,27.42424
2007-10-08,19.28,19.309998,18.600002,18.680001,443100,26.57079
2007-10-09,18.869999,19.53,18.86,19.53,662000,27.779844
2007-10-10,19.469998,19.839999,19.410002,19.8,737400,28.163898
2007-10-11,19.73,20.03,19.28,19.28,1427700,27.42424
2007-10-12,19.480002,19.969999,19.430001,19.749999,553100,28.092776
2007-10-15,19.570002,19.879999,19.200001,19.21,579700,27.32467
2007-10-16,19.330003,19.589999,19.249999,19.430001,464800,27.637604
2007-10-17,19.6,19.700002,19.44,19.619998,529200,27.907859
2007-10-18,19.539999,19.899999,19.159999,19.839999,497100,28.220793
2007-10-19,19.399998,19.810001,19.089999,19.130001,431200,27.210878
2007-10-22,19.099998,19.389999,19.000001,19.28,649500,27.42424
2007-10-23,19.490001,20.049998,19.37,19.44,922000,27.651827
2007-10-24,19.319999,19.570002,19.15,19.35,536300,27.52381
2007-10-25,19.35,19.500001,19.069999,19.08,442900,27.139756
2007-10-26,19.28,19.469998,19.15,19.44,240400,27.651827
2007-10-29,19.459999,19.539999,19.270001,19.270001,395400,27.410017
2007-10-30,19.159999,19.449999,18.949998,19.089999,281600,27.153978
2007-10-31,19.21,19.899999,19.120002,19.710002,1156500,28.035883
2007-11-01,19.6,19.860002,19.35,19.459999,804900,27.680274
2007-11-02,19.580001,20.100001,19.379999,20.049998,1060800,28.5195
2007-11-05,19.749999,20.03,19.549998,19.619998,721600,27.907859
2007-11-06,19.619998,20.010001,19.619998,19.989998,335900,28.434155
2007-11-07,19.920001,19.95,19.459999,19.67,382800,27.978984
2007-11-08,19.74,20.429998,19.720001,19.969999,957700,28.405708
2007-11-09,19.759998,19.95,19.459999,19.74,519100,28.078553
2007-11-12,19.679999,19.749999,18.99,19.120002,470000,27.196655
2007-11-13,19.330003,19.459999,18.770001,19.37,442000,27.552257
2007-11-14,19.500001,20.150001,19.459999,19.720001,853600,28.050106
2007-11-15,19.67,19.979998,19.630001,19.759998,311700,28.106999
2007-11-16,19.839999,19.89,19.44,19.609999,557600,27.893637
2007-11-19,19.44,19.73,19.290001,19.51,664200,27.751397
2007-11-20,19.469998,19.650001,18.949998,19.35,394500,27.52381
2007-11-21,19.260002,19.360001,18.949998,19.120002,233000,27.196655
2007-11-23,19.239998,19.700002,19.089999,19.66,106200,27.964759
2007-11-26,19.549998,19.780002,19.35,19.360001,481100,27.538035
2007-11-27,19.420001,19.810001,19.35,19.749999,344600,28.092776
2007-11-28,19.930002,20.25,19.749999,20.209998,571900,28.747087
2007-11-29,20.199999,20.199999,19.609999,19.679999,442500,27.993206
2007-11-30,19.920001,20.080001,19.720001,19.940001,493200,28.363037
2007-12-03,19.940001,20.100001,19.51,19.51,417500,27.751397
2007-12-04,19.37,19.66,19.35,19.35,358000,27.52381
2007-12-05,19.6,20.000002,19.449999,19.899999,294500,28.306138
2007-12-06,19.899999,20.000002,19.850001,20.000002,250400,28.448384
2007-12-07,20.000002,20.03,19.8,20.03,259500,28.491055
2007-12-10,20.000002,20.02,19.73,19.839999,401500,28.220793
2007-12-11,20.370001,20.849999,19.67,20.450002,1858800,29.088473
2007-12-12,20.719998,21.13,20.499998,20.689999,1156100,29.42985
2007-12-13,20.48,20.670002,20.199999,20.359998,577300,28.960449
2007-12-14,20.209998,20.499998,19.909998,19.909998,473100,28.320361
2007-12-17,19.749999,20.329999,19.749999,20.059999,518800,28.533725
2007-12-18,20.269999,20.450002,20.000002,20.290002,380300,28.860886
2007-12-19,20.119998,20.419999,19.860002,20.119998,395000,28.61907
2007-12-20,20.240001,20.25,19.53,20.000002,384500,28.448384
2007-12-21,20.279998,20.329999,19.95,20.25,764300,28.803986
2007-12-24,20.100001,20.300001,20.039999,20.300001,191200,28.875109
2007-12-26,20.11,20.380002,20.000002,20.100001,367400,28.590624
2007-12-27,19.909998,20.100001,19.609999,19.67,334800,27.978984
2007-12-28,19.700002,19.810001,19.67,19.689998,430600,28.007429
2007-12-31,19.589999,20.150001,19.330003,20.119998,1664300,28.61907
2008-01-02,20.049998,20.100001,19.379999,19.430001,1390700,27.637604
2008-01-03,19.430001,19.810001,19.37,19.420001,389900,27.623379
2008-01-04,19.399998,19.679999,18.840001,18.900002,527300,26.883724
2008-01-07,18.949998,19.270001,18.739998,19.069999,596100,27.125531
2008-01-08,19.120002,19.420001,18.569999,18.620001,502300,26.485445
2008-01-09,18.7,19.239998,18.649999,19.159999,664000,27.253548
2008-01-10,19.490001,19.909998,19.399998,19.769999,1345000,28.121223
2008-01-11,19.650001,20.049998,19.3,19.860002,1052500,28.249245
2008-01-14,20.03,20.059999,19.650001,19.810001,648400,28.178123
2008-01-15,19.580001,20.000002,19.500001,19.810001,551200,28.178123
2008-01-16,19.790001,19.979998,19.500001,19.519999,1011500,27.765619
2008-01-17,19.630001,19.8,18.760002,18.879998,976600,26.855269
2008-01-18,18.99,19.029999,18.240002,18.589998,1363500,26.442768
2008-01-22,17.82,18.809998,17.329998,18.2,1319400,25.888027
2008-01-23,17.800001,18.380002,17.699999,18.2,1213000,25.888027
2008-01-24,18.34,18.690001,18.030001,18.390001,605300,26.158288
2008-01-25,18.680001,18.99,18.27,18.419999,608500,26.200958
2008-01-28,18.349999,18.680001,18.279999,18.34,589900,26.087166
2008-01-29,18.480001,18.639999,18.369998,18.509999,486800,26.328976
2008-01-30,18.349999,18.809998,18.349999,18.349999,422100,26.101389
2008-01-31,18.34,19.069999,18.310002,18.900002,701500,26.883724
2008-02-01,19.040001,19.270001,18.900002,19.019999,728700,27.054409
2008-02-04,18.93,19.029999,18.799999,18.949998,489100,26.954839
2008-02-05,18.690001,18.799999,18.320001,18.33,722100,26.072941
2008-02-06,18.499998,18.509999,18.149999,18.209999,411200,25.902249
2008-02-07,18.569999,18.569999,17.969999,18.12,808000,25.774234
2008-02-08,18.04,18.480001,18.030001,18.030001,794800,25.646217
2008-02-11,18.069998,18.170001,17.89,18.020002,692000,25.631994
2008-02-12,18.149999,18.34,17.999998,18.240002,453600,25.944926
2008-02-13,18.390001,18.72,18.33,18.600002,488600,26.456997
2008-02-14,18.579999,18.649999,18.369998,18.460001,469200,26.257858
2008-02-15,18.359998,18.649999,18.160002,18.589998,472600,26.442768
2008-02-19,18.569999,18.809998,18.520003,18.72,546000,26.627685
2008-02-20,18.550001,18.92,18.550001,18.86,468200,26.826824
2008-02-21,18.959999,19.06,18.659998,18.680001,462700,26.57079
2008-02-22,18.63,19.130001,18.369998,19.130001,685900,27.210878
2008-02-25,19.040001,19.120002,18.830002,19.120002,392400,27.196655
2008-02-26,18.959999,19.37,18.879998,19.099998,514700,27.168201
2008-02-27,18.890002,19.270001,18.890002,19.089999,440500,27.153978
2008-02-28,19.019999,19.08,18.809998,18.92,281300,26.912169
2008-02-29,18.799999,19.260002,18.649999,19.06,683500,27.111308
2008-03-03,19.040001,19.360001,18.879998,19.190002,762000,27.296225
2008-03-04,19.000001,19.37,18.93,19.35,592100,27.52381
2008-03-05,19.3,19.430001,19.179998,19.340001,446600,27.509587
2008-03-06,19.200001,19.290001,18.809998,18.840001,407900,26.798377
2008-03-07,18.79,19.159999,18.659998,19.000001,476500,27.025963
2008-03-10,19.029999,19.089999,18.63,18.649999,330000,26.528115
2008-03-11,18.259999,19.000001,18.259999,18.99,537900,27.011739
2008-03-12,18.879998,19.089999,18.779999,18.799999,302800,26.741477
2008-03-13,18.910001,18.980001,18.429998,18.639999,534800,26.51389
2008-03-14,18.760002,18.760002,18.259999,18.460001,612100,26.257858
2008-03-17,18.25,18.349999,17.640002,17.670001,974600,25.134146
2008-03-18,18.04,18.750001,17.929998,18.659998,429900,26.542338
2008-03-19,18.729999,18.86,17.870001,17.870001,464000,25.41863
2008-03-20,17.989999,18.729999,17.989999,18.639999,1437600,26.51389
2008-03-24,18.680001,18.799999,18.49,18.579999,722400,26.428545
2008-03-25,18.670002,18.79,18.649999,18.750001,568800,26.670359
2008-03-26,18.090002,18.480001,17.699999,18.369998,963800,26.129836
2008-03-27,18.359998,18.620001,18.100001,18.170001,599300,25.845356
2008-03-28,18.160002,18.530001,18.030001,18.41,516200,26.186736
2008-03-31,18.320001,18.7,18.149999,18.589998,702700,26.442768
2008-04-01,18.530001,18.830002,18.480001,18.729999,930800,26.641907
2008-04-02,18.7,18.750001,18.530001,18.680001,625800,26.57079
2008-04-03,18.550001,18.79,18.47,18.729999,1551900,26.641907
2008-04-04,18.72,18.809998,18.499998,18.620001,664200,26.485445
2008-04-07,18.709999,19.000001,18.499998,18.939999,1867100,26.940616
2008-04-08,18.750001,19.449999,18.649999,19.3,1062400,27.452688
2008-04-09,19.37,19.449999,18.820001,18.820001,630200,26.769929
2008-04-10,18.85,19.249999,18.709999,19.050002,538100,27.097086
2008-04-11,18.85,18.949998,18.729999,18.890002,516700,26.869499
2008-04-14,18.72,18.830002,18.509999,18.620001,492200,26.485445
2008-04-15,18.709999,19.029999,18.7,19.000001,490700,27.025963
2008-04-16,18.99,19.389999,18.840001,19.330003,776300,27.495364
2008-04-17,19.21,19.780002,19.110001,19.490001,999100,27.722949
2008-04-18,19.720001,19.769999,19.490001,19.560001,628700,27.822519
2008-04-21,19.430001,19.6,19.22,19.519999,766300,27.765619
2008-04-22,19.389999,19.549998,19.28,19.35,808600,27.52381
2008-04-23,19.459999,19.500001,19.260002,19.37,356900,27.552257
2008-04-24,19.35,19.459999,19.130001,19.379999,733700,27.56648
2008-04-25,19.430001,19.790001,19.35,19.720001,558600,28.050106
2008-04-28,19.650001,19.700002,19.37,19.469998,1192600,27.694497
2008-04-29,19.399998,19.410002,19.000001,19.239998,933300,27.367341
2008-04-30,19.249999,19.319999,18.949998,19.000001,1377600,27.025963
2008-05-01,18.959999,19.480002,18.959999,19.480002,945000,27.708726
2008-05-02,19.379999,19.490001,19.099998,19.159999,453500,27.253548
2008-05-05,19.14,19.190002,18.709999,19.15,1237900,27.239326
2008-05-06,19.110001,19.420001,18.970002,19.360001,506400,27.538035
2008-05-07,19.360001,19.500001,19.099998,19.14,892800,27.225101
2008-05-08,19.249999,19.399998,19.179998,19.319999,440100,27.481135
2008-05-09,19.21,19.319999,19.110001,19.249999,599800,27.381565
2008-05-12,19.330003,19.580001,19.249999,19.480002,645600,27.708726
2008-05-13,19.469998,19.630001,19.430001,19.519999,517500,27.765619
2008-05-14,19.519999,19.580001,19.28,19.379999,481400,27.56648
2008-05-15,19.360001,19.580001,19.270001,19.480002,539500,27.708726
2008-05-16,19.410002,19.720001,19.399998,19.539999,904500,27.794067
2008-05-19,19.490001,19.650001,19.330003,19.469998,733500,27.694497
2008-05-20,19.330003,19.539999,19.309998,19.51,756400,27.751397
2008-05-21,19.519999,19.549998,19.229999,19.3,784000,27.452688
2008-05-22,19.290001,19.570002,19.21,19.519999,848700,27.765619
2008-05-23,19.379999,19.560001,19.200001,19.519999,750400,27.765619
2008-05-27,19.500001,19.8,19.399998,19.749999,595200,28.092776
2008-05-28,19.769999,19.810001,19.519999,19.8,670300,28.163898
2008-05-29,19.780002,20.000002,19.650001,20.000002,1119800,28.448384
2008-05-30,19.920001,20.03,19.74,19.930002,1179500,28.348815
2008-06-02,19.850001,19.95,19.549998,19.810001,608700,28.178123
2008-06-03,19.790001,19.930002,19.73,19.850001,742100,28.23502
2008-06-04,20.310001,21.330002,20.070002,21.250001,3167500,30.226407
2008-06-05,21.270001,21.899998,20.61,21.49,2173300,30.567787
2008-06-06,21.499999,21.499999,20.48,20.639999,1137400,29.358728
2008-06-09,20.639999,21.250001,20.639999,21.040001,897800,29.927698
2008-06-10,20.929998,21.180001,20.569998,20.97,420500,29.828129
2008-06-11,20.960001,21.410001,20.950003,20.999999,778000,29.870799
2008-06-12,21.250001,21.430001,20.779999,20.939999,690100,29.785454
2008-06-13,21.089998,21.200001,20.689999,20.84,517300,29.643214
2008-06-16,20.689999,20.9,20.16,20.83,831500,29.628989
2008-06-17,20.820001,20.849999,20.460001,20.750001,1131000,29.515197
2008-06-18,20.7,20.99,20.520002,20.689999,441200,29.42985
2008-06-19,20.670002,20.740002,20.47,20.48,560700,29.131143
2008-06-20,20.359998,20.48,20.059999,20.419999,850000,29.045796
2008-06-23,20.499998,20.789998,20.370001,20.689999,535800,29.42985
2008-06-24,20.150001,20.61,20.010001,20.429998,1468500,29.060019
2008-06-25,20.499998,20.77,20.230001,20.559999,831400,29.244935
2008-06-26,20.349999,20.590002,20.100001,20.349999,1262200,28.946226
2008-06-27,20.34,21.480002,20.070002,21.120001,6207300,30.041493
2008-06-30,21.089998,21.120001,20.63,20.810002,1140100,29.600544
2008-07-01,20.639999,20.99,20.499998,20.880002,891100,29.700114
2008-07-02,20.99,21.499999,20.980001,21.139999,1235400,30.069938
2008-07-03,21.110001,21.13,20.730001,20.779999,411800,29.557867
2008-07-07,20.76,20.880002,20.370001,20.499998,963100,29.159588
2008-07-08,20.41,20.559999,20.189999,20.499998,1059200,29.159588
2008-07-09,20.510002,20.76,20.300001,20.48,642800,29.131143
2008-07-10,20.569998,21.089998,20.520002,20.939999,844400,29.785454
2008-07-11,20.929998,20.97,20.569998,20.730001,467400,29.486749
2008-07-14,20.730001,20.890001,20.399999,20.429998,929100,29.060019
2008-07-15,20.279998,20.719998,20.080001,20.48,1104100,29.131143
2008-07-16,19.87,19.940001,19.040001,19.179998,1781300,27.281996
2008-07-17,19.21,19.3,18.890002,19.050002,1009600,27.097086
2008-07-18,19.089999,19.229999,18.879998,18.980001,739500,26.997516
2008-07-21,18.910001,19.069999,18.659998,18.729999,758500,26.641907
2008-07-22,18.760002,19.3,18.729999,19.239998,639600,27.367341
2008-07-23,19.120002,19.290001,18.959999,19.08,523000,27.139756
2008-07-24,19.050002,19.169998,18.900002,18.939999,458000,26.940616
2008-07-25,18.910001,19.249999,18.890002,19.22,451300,27.338895
2008-07-28,19.159999,19.389999,19.01,19.15,452100,27.239326
2008-07-29,19.229999,19.229999,18.99,19.14,327500,27.225101
2008-07-30,19.290001,19.399998,18.499998,18.779999,716200,26.71303
2008-07-31,18.79,18.949998,18.579999,18.890002,495100,26.869499
2008-08-01,18.779999,18.92,18.480001,18.7,403300,26.599237
2008-08-04,18.649999,18.7,18.41,18.550001,322100,26.385875
2008-08-05,18.690001,18.72,18.289998,18.550001,408000,26.385875
2008-08-06,18.569999,18.750001,18.429998,18.750001,185100,26.670359
2008-08-07,18.649999,18.900002,18.56,18.820001,378300,26.769929
2008-08-08,18.729999,19.14,18.649999,18.86,359700,26.826824
2008-08-11,18.760002,18.959999,18.480001,18.589998,703700,26.442768
2008-08-12,18.600002,18.92,18.480001,18.900002,652700,26.883724
2008-08-13,18.890002,19.01,18.670002,18.92,355100,26.912169
2008-08-14,18.670002,18.959999,18.649999,18.809998,279100,26.7557
2008-08-15,18.739998,19.179998,18.739998,19.130001,621400,27.210878
2008-08-18,19.14,19.399998,19.089999,19.229999,371400,27.353118
2008-08-19,19.099998,19.399998,18.809998,19.190002,554900,27.296225
2008-08-20,19.08,19.519999,18.959999,19.340001,501900,27.509587
2008-08-21,19.3,19.399998,19.21,19.229999,280300,27.353118
2008-08-22,19.120002,19.340001,19.000001,19.06,493800,27.111308
2008-08-25,19.810001,19.829999,19.309998,19.37,2299400,27.552257
2008-08-26,19.720001,20.290002,19.169998,19.53,12173700,27.779844
2008-08-27,19.53,19.749999,19.28,19.700002,911800,28.021658
2008-08-28,19.650001,20.059999,19.580001,20.039999,576100,28.505277
2008-08-29,19.930002,20.080001,19.679999,20.049998,715800,28.5195
2008-09-02,20.059999,20.34,19.74,19.780002,907400,28.135453
2008-09-03,19.689998,19.879999,19.15,19.519999,1097700,27.765619
2008-09-04,20.209998,20.859998,20.010001,20.779999,2711700,29.557867
2008-09-05,20.799998,20.83,20.140003,20.7,1445000,29.444075
2008-09-08,20.97,20.980001,20.230001,20.34,1638500,28.932004
2008-09-09,20.450002,20.55,20.220002,20.220002,971200,28.761316
2008-09-10,20.259999,20.269999,19.899999,20.220002,1076100,28.761316
2008-09-11,20.209998,20.290002,19.82,20.09,736400,28.576399
2008-09-12,20.000002,20.559999,19.879999,20.530001,753300,29.202265
2008-09-15,20.140003,20.140003,19.019999,19.87,1294900,28.263468
2008-09-16,19.67,20.34,19.420001,20.310001,1108900,28.889333
2008-09-17,20.140003,20.240001,19.549998,19.839999,1759200,28.220793
2008-09-18,19.96,20.059999,19.37,19.549998,2051200,27.80829
2008-09-19,20.03,20.220002,19.930002,20.220002,1310900,28.761316
2008-09-22,20.709999,20.709999,20.03,20.119998,988600,28.61907
2008-09-23,20.209998,20.499998,19.53,19.73,1484000,28.064328
2008-09-24,19.73,19.74,19.239998,19.430001,1777900,27.637604
2008-09-25,19.909998,20.199999,19.720001,20.02,728700,28.47683
2008-09-26,19.790001,20.199999,19.769999,20.100001,812300,28.590624
2008-09-29,19.89,20.189999,19.179998,19.389999,1103700,27.580705
2008-09-30,19.570002,20.310001,19.309998,20.230001,1213700,28.775539
2008-10-01,20.09,20.329999,19.769999,20.189999,1115400,28.718639
2008-10-02,20.11,20.399999,20.000002,20.070002,1516100,28.547954
2008-10-03,20.09,20.189999,19.650001,19.67,1402500,27.978984
2008-10-06,19.430001,19.6,18.980001,19.28,2084900,27.42424
2008-10-07,19.449999,19.449999,18.530001,18.530001,1981000,26.357428
2008-10-08,18.47,18.799999,18.059999,18.610001,1438600,26.47122
2008-10-09,18.579999,18.799999,17.880001,17.89,902400,25.447078
2008-10-10,17.37,17.689998,16.250001,17.150001,1087700,24.394488
2008-10-13,17.510001,18.04,17.500002,18.04,1109400,25.66044
2008-10-14,17.500002,18.509999,17.500002,18.05,1223500,25.674665
2008-10-15,17.860002,17.98,17.019999,17.109999,1065500,24.337588
2008-10-16,17.159999,17.880001,16.879998,17.699999,1075200,25.176816
2008-10-17,17.399999,18.569999,17.159999,18.010001,590800,25.61777
2008-10-20,18.300001,18.949998,17.829999,18.939999,511400,26.940616
2008-10-21,18.729999,19.000001,18.320001,18.429998,890400,26.215181
2008-10-22,18.139998,18.499998,17.810001,17.999998,966200,25.60354
2008-10-23,18.499998,18.499998,17.670001,17.91,1099900,25.475525
2008-10-24,17.249999,18.259999,16.799999,17.969999,808900,25.56087
2008-10-27,17.839999,18.369998,17.200001,17.6,596400,25.034576
2008-10-28,17.779998,18.369998,17.350002,18.259999,772600,25.973372
2008-10-29,18.209999,18.439999,17.779998,17.860002,852000,25.404408
2008-10-30,18.100001,18.259999,17.899999,18.18,685700,25.859579
2008-10-31,18.020002,18.569999,17.849998,18.47,810200,26.272081
2008-11-03,18.4,18.63,18.090002,18.320001,549300,26.058719
2008-11-04,18.499998,18.600002,18.030001,18.589998,1076800,26.442768
2008-11-05,18.310002,18.649999,17.989999,18.069998,1102800,25.70311
2008-11-06,17.950002,18.18,17.759999,17.860002,939500,25.404408
2008-11-07,18.100001,18.100001,17.720001,18.020002,812100,25.631994
2008-11-10,18.499998,18.530001,17.500002,18.279999,738500,26.001819
2008-11-11,18.149999,18.589998,17.969999,18.509999,526900,26.328976
2008-11-12,18.34,18.820001,17.999998,18.279999,1060500,26.001819
2008-11-13,18.349999,19.290001,18.160002,19.290001,1434300,27.438465
2008-11-14,19.01,19.319999,18.680001,18.739998,1187300,26.65613
2008-11-17,18.600002,18.779999,18.18,18.219999,780800,25.916474
2008-11-18,18.41,18.85,17.899999,18.649999,1140400,26.528115
2008-11-19,18.429998,19.200001,17.810001,17.849998,1158100,25.390178
2008-11-20,17.66,18.439999,17.350002,17.350002,1347900,24.678974
2008-11-21,17.720001,18.090002,17.08,18.090002,1250900,25.731564
2008-11-24,17.329998,18.12,16.87,18.12,1927300,25.774234
2008-11-25,18.300001,18.550001,17.029999,17.089999,3605100,24.309141
2008-11-26,16.87,17.759999,16.87,17.759999,852600,25.262161
2008-11-28,17.950002,17.989999,17.559998,17.800001,393400,25.31906
2008-12-01,17.409999,17.960001,17.329998,17.380001,902300,24.721645
2008-12-02,17.640002,17.919999,16.94,17.53,1334100,24.935007
2008-12-03,17.249999,17.919999,17.109999,17.899999,769200,25.4613
2008-12-04,17.759999,17.999998,17.399999,17.73,1118500,25.219491
2008-12-05,17.640002,18.170001,17.179999,18.12,684000,25.774234
2008-12-08,18.369998,18.49,17.899999,18.419999,1110600,26.200958
2008-12-09,18.349999,18.600002,18.139998,18.34,911000,26.087166
2008-12-10,18.509999,18.980001,18.209999,18.480001,1001000,26.286305
2008-12-11,18.33,18.900002,17.609999,18.41,851900,26.186736
2008-12-12,18.05,18.900002,18.05,18.879998,877200,26.855269
2008-12-15,18.85,18.879998,18.359998,18.63,604700,26.499667
2008-12-16,18.729999,19.019999,18.499998,19.019999,735400,27.054409
2008-12-17,18.830002,19.179998,18.7,19.019999,1141700,27.054409
2008-12-18,19.08,19.200001,18.709999,18.93,836400,26.926394
2008-12-19,19.110001,19.44,19.029999,19.029999,1839400,27.068634
2008-12-22,19.159999,19.22,18.709999,19.000001,997100,27.025963
2008-12-23,19.069999,19.15,18.709999,18.86,668000,26.826824
2008-12-24,18.840001,19.000001,18.659998,18.809998,223400,26.7557
2008-12-26,18.85,18.949998,18.72,18.869999,250600,26.841047
2008-12-29,18.840001,19.050002,18.799999,19.01,487000,27.040186
2008-12-30,19.08,19.35,19.000001,19.330003,541100,27.495364
2008-12-31,19.28,19.570002,19.179998,19.480002,930800,27.708726
2009-01-02,19.469998,19.749999,19.319999,19.67,582500,27.978984
2009-01-05,19.619998,19.95,19.539999,19.879999,1054000,28.27769
2009-01-06,19.940001,19.940001,19.519999,19.780002,700500,28.135453
2009-01-07,19.580001,19.810001,19.37,19.619998,553100,27.907859
2009-01-08,19.619998,19.74,19.449999,19.67,411300,27.978984
2009-01-09,19.6,19.630001,19.099998,19.420001,541000,27.623379
2009-01-12,19.379999,19.379999,18.93,19.099998,567800,27.168201
2009-01-13,19.069999,19.290001,18.820001,19.229999,586000,27.353118
2009-01-14,18.93,19.130001,18.639999,18.72,705000,26.627685
2009-01-15,18.620001,19.08,18.369998,19.08,791000,27.139756
2009-01-16,19.099998,19.480002,19.01,19.340001,1006000,27.509587
2009-01-20,19.360001,19.500001,18.900002,18.939999,788100,26.940616
2009-01-21,19.169998,19.379999,18.970002,19.379999,723500,27.56648
2009-01-22,19.06,20.25,19.01,20.049998,1830100,28.5195
2009-01-23,19.560001,20.000002,19.3,19.560001,1071300,27.822519
2009-01-26,19.549998,19.95,19.480002,19.850001,741700,28.23502
2009-01-27,19.95,19.95,19.650001,19.810001,460900,28.178123
2009-01-28,20.03,20.03,19.51,19.73,466300,28.064328
2009-01-29,19.609999,19.769999,19.399998,19.700002,486200,28.021658
2009-01-30,19.650001,19.87,19.570002,19.74,600500,28.078553
2009-02-02,19.549998,19.979998,19.319999,19.909998,843100,28.320361
2009-02-03,19.989998,19.989998,19.53,19.909998,578700,28.320361
2009-02-04,19.899999,20.189999,19.759998,20.140003,877400,28.647524
2009-02-05,20.070002,20.16,19.8,19.879999,589500,28.27769
2009-02-06,19.969999,20.359998,19.8,20.279998,732300,28.846657
2009-02-09,20.25,20.419999,20.119998,20.230001,438400,28.775539
2009-02-10,20.18,20.310001,19.810001,19.87,529800,28.263468
2009-02-11,19.879999,19.979998,19.720001,19.87,407600,28.263468
2009-02-12,19.710002,20.119998,19.630001,20.119998,463500,28.61907
2009-02-13,20.150001,20.199999,19.790001,19.96,468500,28.391485
2009-02-17,19.969999,19.969999,19.389999,19.420001,749000,27.623379
2009-02-18,19.37,19.560001,19.14,19.360001,581900,27.538035
2009-02-19,19.44,19.650001,18.93,19.040001,539300,27.082861
2009-02-20,18.85,19.879999,18.010001,18.980001,755600,26.997516
2009-02-23,19.029999,19.069999,18.49,18.639999,793300,26.51389
2009-02-24,18.709999,18.830002,18.4,18.79,623200,26.727254
2009-02-25,18.799999,18.879998,18.429998,18.600002,838700,26.456997
2009-02-26,18.820001,18.86,18.359998,18.450002,651600,26.243635
2009-02-27,18.279999,19.190002,18.010001,18.910001,1164500,26.897946
2009-03-02,18.779999,18.86,17.969999,18.059999,1049600,25.688887
2009-03-03,18.25,18.25,17.580001,17.68,1302600,25.148369
2009-03-04,17.919999,18.240002,17.580001,17.98,649600,25.575095
2009-03-05,17.89,18.2,17.479998,17.580001,981800,25.006129
2009-03-06,17.650001,17.899999,17.210002,17.539999,850300,24.949229
2009-03-09,17.409999,17.500002,16.87,17.000001,698500,24.181126
2009-03-10,17.23,17.66,17.000001,17.66,718800,25.119921
2009-03-11,17.829999,17.829999,16.980002,17.000001,974800,24.181126
2009-03-12,17.1,17.469999,17.039998,17.399999,1030800,24.75009
2009-03-13,17.59,17.89,17.24,17.59,1018700,25.020351
2009-03-16,17.769999,17.769999,17.339999,17.399999,789200,24.75009
2009-03-17,17.350002,17.740001,17.3,17.740001,1001600,25.233716
2009-03-18,17.75,17.989999,17.539999,17.769999,962500,25.276386
2009-03-19,17.929998,17.929998,17.060001,17.23,1293100,24.50828
2009-03-20,17.249999,17.53,16.980002,16.980002,1069800,24.152678
2009-03-23,17.220001,17.350002,16.439999,17.200001,1346500,24.46561
2009-03-24,17.070001,17.929998,17.019999,17.399999,1206100,24.75009
2009-03-25,17.779998,17.899999,17.37,17.689998,1329300,25.162591
2009-03-26,18.090002,18.569999,17.689998,18.4,2105700,26.172511
2009-03-27,18.170001,18.380002,18.010001,18.230001,818700,25.930701
2009-03-30,18.04,18.809998,17.670001,18.709999,1033600,26.61346
2009-03-31,18.85,18.939999,18.47,18.670002,990700,26.556567
2009-04-01,18.610001,18.809998,18.33,18.729999,684200,26.641907
2009-04-02,18.93,18.970002,18.450002,18.460001,1072300,26.257858
2009-04-03,18.47,18.589998,18.310002,18.47,910800,26.272081
2009-04-06,18.419999,18.680001,18.349999,18.659998,966700,26.542338
2009-04-07,18.429998,18.530001,17.52,17.940001,1832000,25.5182
2009-04-08,17.960001,18.020002,17.46,17.989999,922600,25.589318
2009-04-09,18.090002,18.230001,17.640002,17.710003,929500,25.191045
2009-04-13,17.539999,18.2,17.539999,18.059999,966200,25.688887
2009-04-14,18.04,18.190001,17.810001,17.810001,714500,25.333285
2009-04-15,17.810001,17.98,17.640002,17.969999,714700,25.56087
2009-04-16,18.010001,18.49,17.969999,18.429998,636100,26.215181
2009-04-17,18.499998,18.499998,18.139998,18.359998,569500,26.115611
2009-04-20,18.289998,18.289998,17.91,17.940001,764200,25.5182
2009-04-21,17.899999,17.929998,17.670001,17.860002,1055700,25.404408
2009-04-22,17.790002,18.069998,17.619998,17.779998,721100,25.290609
2009-04-23,17.670001,17.759999,17.350002,17.720001,855600,25.205268
2009-04-24,17.810001,17.950002,17.6,17.839999,559800,25.375956
2009-04-27,17.699999,18.310002,17.68,18.2,752500,25.888027
2009-04-28,18.170001,18.460001,18.069998,18.4,685600,26.172511
2009-04-29,18.450002,18.750001,18.380002,18.509999,869000,26.328976
2009-04-30,18.589998,18.589998,17.98,18.100001,1484600,25.745787
2009-05-01,18.069998,18.380002,17.880001,18.380002,876400,26.144066
2009-05-04,18.230001,18.49,18.12,18.480001,619500,26.286305
2009-05-05,18.480001,18.480001,18.160002,18.230001,653100,25.930701
2009-05-06,18.349999,18.47,18.04,18.149999,736100,25.816905
2009-05-07,18.33,18.56,18.160002,18.460001,748600,26.257858
2009-05-08,18.520003,18.56,18.369998,18.509999,617200,26.328976
2009-05-11,18.230001,18.550001,18.11,18.429998,349600,26.215181
2009-05-12,18.47,18.499998,18.170001,18.380002,387600,26.144066
2009-05-13,18.289998,18.359998,17.720001,17.849998,623800,25.390178
2009-05-14,17.940001,18.030001,17.759999,17.810001,446800,25.333285
2009-05-15,17.699999,17.929998,17.59,17.829999,545700,25.361731
2009-05-18,17.91,17.91,17.259998,17.469999,1182000,24.84966
2009-05-19,17.319999,17.52,17.029999,17.270002,1419700,24.56518
2009-05-20,16.830002,17.39,15.939998,17.280002,2708300,24.579405
2009-05-21,17.060001,17.270002,16.889999,16.969998,1234000,24.138449
2009-05-22,16.980002,17.119998,16.819999,17.01,752600,24.195349
2009-05-26,16.980002,17.420001,16.92,17.150001,654100,24.394488
2009-05-27,17.159999,17.39,17.08,17.189998,794600,24.451381
2009-05-28,17.24,17.479998,17.019999,17.399999,543400,24.75009
2009-05-29,17.409999,17.469999,17.200001,17.469999,820000,24.84966
2009-06-01,17.500002,17.82,17.500002,17.73,819800,25.219491
2009-06-02,17.73,17.940001,17.479998,17.800001,1704400,25.31906
2009-06-03,17.829999,17.960001,17.420001,17.6,1519000,25.034576
2009-06-04,18.499998,18.949998,18.25,18.7,2065500,26.599237
2009-06-05,18.85,18.99,18.639999,18.939999,879400,26.940616
2009-06-08,18.770001,18.820001,17.960001,18.349999,1828400,26.101389
2009-06-09,18.439999,18.49,18.190001,18.230001,1029100,25.930701
2009-06-10,18.33,18.349999,17.960001,18.149999,1088900,25.816905
2009-06-11,18.160002,18.320001,17.960001,18.020002,1655100,25.631994
2009-06-12,17.989999,18.2,17.929998,18.149999,596800,25.816905
2009-06-15,18.090002,18.170001,17.810001,17.89,717100,25.447078
2009-06-16,17.950002,17.999998,17.759999,17.790002,714000,25.304838
2009-06-17,17.790002,17.999998,17.75,17.919999,582700,25.489748
2009-06-18,17.899999,18.219999,17.839999,18.139998,533000,25.80268
2009-06-19,18.219999,18.310002,18.069998,18.139998,558200,25.80268
2009-06-22,18.010001,18.33,18.010001,18.18,718600,25.859579
2009-06-23,18.240002,18.429998,18.069998,18.369998,1022800,26.129836
2009-06-24,18.359998,18.460001,18.190001,18.230001,576200,25.930701
2009-06-25,18.129999,18.380002,18.090002,18.369998,466500,26.129836
2009-06-26,18.369998,18.450002,18.149999,18.4,1413300,26.172511
2009-06-29,18.380002,18.509999,18.139998,18.509999,480300,26.328976
2009-06-30,18.47,18.550001,18.33,18.550001,717900,26.385875
2009-07-01,18.579999,18.7,18.480001,18.530001,766200,26.357428
2009-07-02,18.41,18.450002,17.829999,18.230001,1901500,25.930701
2009-07-06,18.11,18.2,17.849998,18.010001,710800,25.61777
2009-07-07,17.999998,17.999998,17.580001,17.609999,872500,25.048799
2009-07-08,17.699999,17.699999,17.31,17.469999,871700,24.84966
2009-07-09,17.570002,17.570002,17.179999,17.200001,520100,24.46561
2009-07-10,17.249999,17.44,17.08,17.270002,942400,24.56518
2009-07-13,17.270002,17.570002,17.130001,17.510001,661900,24.906559
2009-07-14,17.490001,17.720001,17.430002,17.689998,612100,25.162591
2009-07-15,17.790002,17.899999,17.629999,17.899999,784300,25.4613
2009-07-16,17.82,18.100001,17.710003,17.950002,1108400,25.532425
2009-07-17,18.030001,18.090002,17.75,17.860002,552600,25.404408
2009-07-20,17.91,17.919999,17.73,17.91,742800,25.475525
2009-07-21,17.870001,18.05,17.75,18.04,707600,25.66044
2009-07-22,17.940001,18.380002,17.89,18.279999,657600,26.001819
2009-07-23,18.149999,18.369998,17.699999,17.790002,1314600,25.304838
2009-07-24,17.849998,18.100001,17.689998,18.010001,815500,25.61777
2009-07-27,17.940001,18.04,17.89,17.999998,439600,25.60354
2009-07-28,17.999998,18.230001,17.899999,18.170001,506800,25.845356
2009-07-29,18.100001,18.209999,18.030001,18.170001,447400,25.845356
2009-07-30,18.04,18.54,18.04,18.47,904000,26.272081
2009-07-31,18.47,18.550001,18.05,18.090002,733000,25.731564
2009-08-03,18.2,18.219999,17.740001,17.740001,945000,25.233716
2009-08-04,17.82,18.010001,17.66,17.839999,793900,25.375956
2009-08-05,17.89,17.899999,17.580001,17.650001,456300,25.105698
2009-08-06,17.670001,17.73,17.339999,17.380001,791500,24.721645
2009-08-07,17.549998,17.66,17.469999,17.66,523500,25.119921
2009-08-10,17.539999,17.740001,17.53,17.580001,411900,25.006129
2009-08-11,17.580001,17.699999,17.500002,17.500002,501600,24.892336
2009-08-12,17.500002,17.899999,17.500002,17.689998,571500,25.162591
2009-08-13,17.790002,17.790002,17.53,17.68,621600,25.148369
2009-08-14,17.609999,17.68,17.500002,17.619998,359300,25.063022
2009-08-17,17.549998,17.68,17.46,17.66,809900,25.119921
2009-08-18,17.720001,18.010001,17.619998,17.91,886100,25.475525
2009-08-19,17.740001,18.100001,17.710003,18.04,689800,25.66044
2009-08-20,18.069998,18.12,17.969999,18.010001,779400,25.61777
2009-08-21,18.05,18.300001,17.960001,18.279999,634100,26.001819
2009-08-24,18.27,18.279999,17.999998,18.05,649400,25.674665
2009-08-25,18.149999,18.240002,18.010001,18.069998,686100,25.70311
2009-08-26,18.080002,18.289998,17.999998,18.289998,537800,26.016042
2009-08-27,18.289998,18.499998,18.129999,18.460001,556800,26.257858
2009-08-28,18.499998,18.530001,18.359998,18.47,544800,26.272081
2009-08-31,18.369998,18.499998,18.259999,18.49,800200,26.300528
2009-09-01,18.4,18.4,17.899999,18.2,895200,25.888027
2009-09-02,18.230001,18.390001,18.020002,18.080002,1322800,25.717339
2009-09-03,18.259999,18.320001,17.329998,17.870001,1854200,25.41863
2009-09-04,17.829999,17.860002,17.510001,17.699999,1296600,25.176816
2009-09-08,17.810001,17.880001,17.619998,17.740001,811900,25.233716
2009-09-09,17.740001,17.950002,17.640002,17.710003,602300,25.191045
2009-09-10,17.68,17.82,17.539999,17.82,569100,25.347508
2009-09-11,17.969999,17.969999,17.699999,17.800001,611300,25.31906
2009-09-14,17.710003,17.960001,17.689998,17.919999,748300,25.489748
2009-09-15,17.849998,17.899999,17.699999,17.73,903700,25.219491
2009-09-16,17.810001,17.950002,17.710003,17.810001,587600,25.333285
2009-09-17,17.759999,17.89,17.650001,17.769999,627000,25.276386
2009-09-18,17.790002,17.849998,17.699999,17.710003,700800,25.191045
2009-09-21,17.640002,17.880001,17.59,17.829999,934500,25.361731
2009-09-22,17.800001,17.860002,17.420001,17.500002,1365700,24.892336
2009-09-23,17.549998,17.699999,17.46,17.490001,983200,24.878112
2009-09-24,17.52,17.559998,17.350002,17.44,848300,24.806989
2009-09-25,17.37,17.500002,17.270002,17.399999,933400,24.75009
2009-09-28,17.479998,17.619998,17.420001,17.510001,1037400,24.906559
2009-09-29,17.469999,17.740001,17.39,17.430002,1244700,24.792767
2009-09-30,17.500002,17.549998,17.350002,17.539999,885600,24.949229
2009-10-01,17.539999,17.580001,17.409999,17.46,1265700,24.835437
2009-10-02,17.329998,17.490001,17.249999,17.46,1174900,24.835437
2009-10-05,17.449999,17.59,17.360001,17.580001,1336100,25.006129
2009-10-06,17.619998,17.999998,17.490001,17.950002,1266500,25.532425
2009-10-07,17.969999,18.240002,17.860002,18.100001,1026700,25.745787
2009-10-08,18.11,18.690001,18.020002,18.680001,2168100,26.57079
2009-10-09,18.639999,18.760002,18.589998,18.760002,1015800,26.684584
2009-10-12,18.760002,18.79,18.300001,18.390001,1595500,26.158288
2009-10-13,18.349999,18.41,18.149999,18.27,760900,25.987596
2009-10-14,18.349999,18.460001,18.18,18.439999,859300,26.229406
2009-10-15,18.41,18.820001,18.359998,18.670002,1722100,26.556567
2009-10-16,18.569999,18.900002,18.54,18.799999,956600,26.741477
2009-10-19,18.760002,18.970002,18.520003,18.93,796500,26.926394
2009-10-20,18.900002,18.900002,18.610001,18.72,879500,26.627685
2009-10-21,18.659998,18.799999,18.509999,18.54,1014600,26.37165
2009-10-22,18.49,18.770001,18.49,18.649999,731800,26.528115
2009-10-23,18.649999,18.670002,18.230001,18.34,725800,26.087166
2009-10-26,18.320001,18.550001,18.160002,18.190001,763400,25.873804
2009-10-27,18.190001,18.460001,18.090002,18.149999,739100,25.816905
2009-10-28,18.170001,18.320001,17.940001,17.940001,719900,25.5182
2009-10-29,17.98,18.369998,17.950002,18.359998,986500,26.115611
2009-10-30,18.259999,18.34,17.699999,17.710003,1240400,25.191045
2009-11-02,17.73,17.82,17.500002,17.699999,1288700,25.176816
2009-11-03,17.59,17.950002,17.559998,17.839999,1343900,25.375956
2009-11-04,17.800001,18.149999,17.75,17.82,1273600,25.347508
2009-11-05,17.989999,18.279999,17.870001,18.279999,798100,26.001819
2009-11-06,18.18,18.49,18.100001,18.49,945900,26.300528
2009-11-09,18.460001,18.680001,18.439999,18.520003,788400,26.343205
2009-11-10,18.429998,18.439999,18.080002,18.090002,1378900,25.731564
2009-11-11,18.219999,18.27,18.069998,18.209999,846800,25.902249
2009-11-12,18.129999,18.320001,18.100001,18.279999,672000,26.001819
2009-11-13,18.380002,18.49,18.219999,18.450002,777100,26.243635
2009-11-16,18.509999,18.589998,18.390001,18.450002,567500,26.243635
2009-11-17,18.359998,18.460001,18.25,18.27,523600,25.987596
2009-11-18,18.359998,18.359998,18.18,18.279999,497200,26.001819
2009-11-19,18.170001,18.279999,18.010001,18.2,839400,25.888027
2009-11-20,18.2,18.230001,17.929998,17.98,531200,25.575095
2009-11-23,18.04,18.259999,17.950002,18.04,1044900,25.66044
2009-11-24,17.989999,18.04,17.849998,17.950002,1067700,25.532425
2009-11-25,17.999998,18.18,17.940001,18.149999,595300,25.816905
2009-11-27,17.870001,18.059999,17.82,17.999998,383400,25.60354
2009-11-30,17.960001,17.999998,17.699999,17.82,825000,25.347508
2009-12-01,17.839999,17.999998,17.629999,17.89,1057800,25.447078
2009-12-02,17.829999,17.989999,17.790002,17.880001,515900,25.432855
2009-12-03,17.849998,17.940001,17.640002,17.640002,784800,25.091476
2009-12-04,17.810001,17.999998,17.6,17.839999,690400,25.375956
2009-12-07,17.790002,18.080002,17.740001,18.04,664300,25.66044
2009-12-08,18.010001,18.080002,17.75,18.04,1013600,25.66044
2009-12-09,17.75,18.149999,17.449999,18.12,1933500,25.774234
2009-12-10,18.139998,18.33,18.11,18.310002,1310300,26.044496
2009-12-11,18.279999,18.429998,18.209999,18.4,1643100,26.172511
2009-12-14,18.63,19.330003,18.620001,19.249999,3110800,27.381565
2009-12-15,19.099998,19.430001,19.099998,19.35,2531800,27.52381
2009-12-16,19.319999,19.549998,19.260002,19.449999,2240500,27.66605
2009-12-17,19.360001,19.469998,19.169998,19.319999,2622400,27.481135
2009-12-18,19.389999,19.469998,18.569999,18.85,22337100,26.812599
2009-12-21,18.729999,19.35,18.729999,19.179998,1967000,27.281996
2009-12-22,19.270001,19.270001,18.970002,19.019999,1226000,27.054409
2009-12-23,19.08,19.120002,18.949998,19.120002,916900,27.196655
2009-12-24,19.159999,19.159999,18.970002,19.029999,464700,27.068634
2009-12-28,19.08,19.200001,18.970002,19.200001,985600,27.310448
2009-12-29,19.200001,19.229999,18.99,19.029999,817300,27.068634
2009-12-30,18.980001,19.08,18.92,19.040001,984800,27.082861
2009-12-31,19.01,19.08,18.92,18.939999,631100,26.940616
2010-01-04,19.019999,19.169998,18.890002,19.110001,1417700,27.18243
2010-01-05,19.08,19.179998,18.85,19.029999,1595100,27.068634
2010-01-06,19.229999,19.290001,19.000001,19.08,1120100,27.139756
2010-01-07,19.050002,19.099998,18.949998,19.089999,820600,27.153978
2010-01-08,19.01,19.089999,18.959999,19.06,886000,27.111308
2010-01-11,18.980001,19.069999,18.959999,19.01,720800,27.040186
2010-01-12,18.959999,19.08,18.92,19.029999,923400,27.068634
2010-01-13,19.050002,19.050002,18.750001,18.949998,1891700,26.954839
2010-01-14,18.959999,19.06,18.879998,19.000001,1793900,27.025963
2010-01-15,19.000001,19.089999,18.879998,18.900002,2319200,26.883724
2010-01-19,18.900002,19.110001,18.830002,19.110001,873700,27.18243
2010-01-20,19.029999,19.050002,18.85,18.890002,975100,26.869499
2010-01-21,18.869999,19.069999,18.659998,18.7,1136900,26.599237
2010-01-22,18.7,18.85,18.369998,18.41,1122300,26.186736
2010-01-25,18.569999,18.670002,18.419999,18.620001,842400,26.485445
2010-01-26,18.579999,18.659998,18.240002,18.349999,1029500,26.101389
2010-01-27,18.279999,18.34,18.190001,18.27,1303300,25.987596
2010-01-28,18.279999,18.429998,18.160002,18.289998,1115100,26.016042
2010-01-29,18.33,18.499998,18.230001,18.33,1397600,26.072941
2010-02-01,18.25,18.620001,18.11,18.600002,1422200,26.456997
2010-02-02,18.589998,18.639999,18.390001,18.639999,1729300,26.51389
2010-02-03,18.569999,18.690001,18.499998,18.530001,1419100,26.357428
2010-02-04,18.380002,18.620001,18.380002,18.480001,2172700,26.286305
2010-02-05,18.47,18.680001,18.369998,18.680001,2509000,26.57079
2010-02-08,18.649999,18.670002,18.34,18.349999,1053200,26.101389
2010-02-09,18.569999,18.569999,18.259999,18.509999,1025500,26.328976
2010-02-10,18.439999,18.569999,18.380002,18.56,1292200,26.400098
2010-02-11,18.589998,18.670002,18.359998,18.659998,953200,26.542338
2010-02-12,18.56,18.770001,18.439999,18.750001,1064800,26.670359
2010-02-16,18.799999,19.099998,18.72,19.000001,1296800,27.025963
2010-02-17,19.050002,19.179998,18.970002,19.169998,1054800,27.267771
2010-02-18,19.15,19.239998,19.040001,19.06,1012500,27.111308
2010-02-19,18.99,19.14,18.820001,19.110001,1393200,27.18243
2010-02-22,19.110001,19.200001,18.959999,19.01,597400,27.040186
2010-02-23,18.949998,19.08,18.92,19.069999,1216100,27.125531
2010-02-24,19.159999,19.480002,19.069999,19.480002,1678300,27.708726
2010-02-25,19.270001,19.430001,19.06,19.389999,1235300,27.580705
2010-02-26,19.449999,19.749999,19.44,19.700002,6597900,28.021658
2010-03-01,19.700002,19.759998,19.469998,19.51,1078700,27.751397
2010-03-02,19.67,19.700002,19.28,19.410002,1696000,27.609157
2010-03-03,19.490001,19.490001,19.200001,19.22,1399400,27.338895
2010-03-04,19.37,19.449999,19.15,19.200001,1373500,27.310448
2010-03-05,19.3,19.420001,19.190002,19.309998,1393100,27.46691
2010-03-08,19.330003,19.37,19.239998,19.330003,1261200,27.495364
2010-03-09,19.28,19.51,19.270001,19.490001,1242400,27.722949
2010-03-10,19.480002,19.500001,19.340001,19.469998,974600,27.694497
2010-03-11,19.399998,19.430001,19.260002,19.389999,1033100,27.580705
2010-03-12,19.399998,19.430001,19.249999,19.3,613600,27.452688
2010-03-15,19.3,19.35,19.21,19.35,682500,27.52381
2010-03-16,19.3,19.330003,19.22,19.319999,687300,27.481135
2010-03-17,19.3,19.389999,19.229999,19.270001,884500,27.410017
2010-03-18,19.21,19.340001,19.06,19.14,1143600,27.225101
2010-03-19,19.14,19.179998,18.779999,19.14,2133400,27.225101
2010-03-22,19.069999,19.480002,18.980001,19.430001,1179100,27.637604
2010-03-23,19.399998,19.480002,19.14,19.239998,1128000,27.367341
2010-03-24,19.22,19.28,19.040001,19.050002,758600,27.097086
2010-03-25,19.120002,19.22,19.08,19.099998,638500,27.168201
2010-03-26,19.169998,19.309998,19.069999,19.260002,1003700,27.395795
2010-03-29,19.35,19.35,18.900002,18.910001,1361700,26.897946
2010-03-30,18.970002,19.06,18.820001,18.980001,1472000,26.997516
2010-03-31,17.860002,18.100001,17.500002,17.699999,6368500,25.176816
2010-04-01,17.699999,17.800001,17.319999,17.420001,3264300,24.778542
2010-04-05,17.490001,17.549998,17.360001,17.420001,1792400,24.778542
2010-04-06,17.409999,17.469999,17.159999,17.3,1597500,24.60785
2010-04-07,17.339999,17.339999,16.990001,17.200001,2424500,24.46561
2010-04-08,17.150001,17.23,17.050002,17.200001,1398400,24.46561
2010-04-09,17.290001,17.570002,17.220001,17.510001,1886700,24.906559
2010-04-12,17.66,17.66,17.339999,17.399999,1965500,24.75009
2010-04-13,17.409999,17.580001,17.31,17.500002,1531100,24.892336
2010-04-14,17.510001,17.740001,17.479998,17.720001,1857700,25.205268
2010-04-15,17.919999,18.139998,17.720001,17.999998,2798800,25.60354
2010-04-16,17.940001,18.010001,17.66,17.969999,2771500,25.56087
2010-04-19,18.010001,18.209999,17.91,18.190001,2185600,25.873804
2010-04-20,17.969999,18.300001,17.829999,18.289998,2438800,26.016042
2010-04-21,18.209999,18.349999,18.139998,18.259999,1936500,25.973372
2010-04-22,18.2,18.390001,18.04,18.359998,1879800,26.115611
2010-04-23,18.359998,18.460001,18.18,18.460001,1599900,26.257858
2010-04-26,18.359998,18.419999,18.190001,18.219999,2039700,25.916474
2010-04-27,18.149999,18.209999,17.989999,18.010001,2081500,25.61777
2010-04-28,18.11,18.11,17.580001,17.73,1792800,25.219491
2010-04-29,17.740001,17.839999,17.670001,17.73,1013100,25.219491
2010-04-30,17.769999,17.800001,17.339999,17.409999,2562200,24.764315
2010-05-03,17.490001,17.570002,17.37,17.44,1297700,24.806989
2010-05-04,17.31,17.500002,17.210002,17.46,1379900,24.835437
2010-05-05,17.409999,17.849998,17.339999,17.430002,945800,24.792767
2010-05-06,17.360001,17.689998,17.070001,17.290001,2143500,24.593627
2010-05-07,17.280002,17.619998,17.220001,17.539999,3275700,24.949229
2010-05-10,17.870001,17.870001,17.31,17.430002,1925400,24.792767
2010-05-11,17.31,17.399999,16.980002,17.150001,3164900,24.394488
2010-05-12,17.220001,17.259998,17.130001,17.249999,1669400,24.536728
2010-05-13,17.24,17.339999,17.17,17.210002,981300,24.479835
2010-05-14,17.210002,17.420001,17.060001,17.220001,1598700,24.494058
2010-05-17,17.200001,17.629999,17.200001,17.580001,1846800,25.006129
2010-05-18,17.59,17.699999,17.490001,17.53,2069900,24.935007
2010-05-19,17.430002,17.59,17.3,17.339999,1710600,24.664745
2010-05-20,17.140002,17.270002,16.900003,16.900003,1776600,24.038886
2010-05-21,16.739998,17.17,16.65,17.159999,2103300,24.408711
2010-05-24,17.019999,17.24,17.000001,17.130001,976900,24.36604
2010-05-25,16.930001,17.140002,16.71,17.119998,1545500,24.351811
2010-05-26,17.200001,17.329998,16.969998,17.029999,1537100,24.223796
2010-05-27,17.23,17.290001,17.01,17.249999,821200,24.536728
2010-05-28,17.24,17.31,17.1,17.189998,878600,24.451381
2010-06-01,17.119998,17.259998,16.949999,17.070001,889700,24.280696
2010-06-02,17.109999,17.44,17.039998,17.44,893300,24.806989
2010-06-03,17.31,17.790002,17.31,17.619998,1269800,25.063022
2010-06-04,17.490001,17.950002,17.37,17.580001,2336600,25.006129
2010-06-07,17.650001,17.75,17.399999,17.490001,1429600,24.878112
2010-06-08,17.53,17.53,17.280002,17.39,1800700,24.735867
2010-06-09,17.409999,17.59,17.339999,17.399999,1444300,24.75009
2010-06-10,17.500002,17.849998,17.500002,17.689998,1829800,25.162591
2010-06-11,17.53,17.59,17.339999,17.52,1867600,24.920782
2010-06-14,17.699999,17.769999,17.510001,17.53,2218800,24.935007
2010-06-15,17.53,17.779998,17.53,17.720001,1490200,25.205268
2010-06-16,17.710003,18.020002,17.650001,17.950002,1724000,25.532425
2010-06-17,17.999998,18.090002,17.89,18.090002,1167400,25.731564
2010-06-18,18.11,18.2,17.950002,17.989999,1919400,25.589318
2010-06-21,18.059999,18.18,17.740001,17.769999,1319400,25.276386
2010-06-22,17.689998,17.779998,17.469999,17.479998,1150600,24.863882
2010-06-23,17.449999,17.479998,17.23,17.270002,1634200,24.56518
2010-06-24,17.210002,17.430002,17.130001,17.159999,1432200,24.408711
2010-06-25,17.179999,17.3,17.01,17.17,3821900,24.422935
2010-06-28,17.23,17.270002,17.029999,17.089999,1458300,24.309141
2010-06-29,17.01,17.070001,16.749998,16.819999,2260100,23.925087
2010-06-30,16.900003,17.050002,16.72,16.739998,1646600,23.811292
2010-07-01,16.700001,16.71,16.42,16.550001,1530100,23.541038
2010-07-02,16.589999,16.599999,16.379998,16.43,745800,23.370346
2010-07-06,16.659999,16.659999,16.369999,16.5,1247100,23.469915
2010-07-07,16.439999,16.690002,16.43,16.680001,811000,23.725952
2010-07-08,16.72,17.019999,16.690002,16.830002,777700,23.939316
2010-07-09,16.809998,16.879998,16.700001,16.85,594500,23.967762
2010-07-12,16.819999,16.949999,16.739998,16.889999,486000,24.024657
2010-07-13,16.990001,16.990001,16.809998,16.92,742000,24.067331
2010-07-14,16.78,17.150001,16.72,17.050002,988600,24.252248
2010-07-15,16.990001,17.039998,16.760002,16.900003,757700,24.038886
2010-07-16,16.799999,16.860001,16.460002,16.460002,1045900,23.41302
2010-07-19,16.410001,16.639999,16.379998,16.540002,1096500,23.526815
2010-07-20,16.460002,16.71,16.379998,16.690002,539200,23.740177
2010-07-21,16.760002,16.760002,16.439999,16.470002,661000,23.427245
2010-07-22,16.570001,16.889999,16.570001,16.830002,789900,23.939316
2010-07-23,16.78,17.01,16.739998,16.980002,569700,24.152678
2010-07-26,16.969998,17.000001,16.860001,16.959999,560600,24.124226
2010-07-27,16.959999,17.01,16.79,16.94,649500,24.095779
2010-07-28,16.87,17.000001,16.78,16.879998,713600,24.010432
2010-07-29,16.94,16.980002,16.620002,16.72,638500,23.782847
2010-07-30,16.63,16.71,16.570001,16.63,655900,23.65483
2010-08-02,16.729999,16.969998,16.639999,16.959999,1089600,24.124226
2010-08-03,16.949999,17.089999,16.860001,17.019999,1177400,24.209571
2010-08-04,17.070001,17.1,16.959999,17.019999,744400,24.209571
2010-08-05,16.990001,17.200001,16.900003,17.159999,631600,24.408711
2010-08-06,17.070001,17.140002,16.860001,16.990001,568600,24.166901
2010-08-09,17.01,17.060001,16.819999,16.949999,605100,24.110002
2010-08-10,16.809998,16.910001,16.5,16.589999,1307900,23.59793
2010-08-11,16.480001,16.480001,15.880002,15.929998,1529700,22.659133
2010-08-12,15.639998,15.890001,15.61,15.870001,1163000,22.573793
2010-08-13,15.870001,15.939998,15.760001,15.779999,915600,22.445771
2010-08-16,15.709998,15.810002,15.530001,15.539999,632800,22.104392
2010-08-17,15.55,15.829999,15.55,15.77,753700,22.431548
2010-08-18,15.75,15.75,15.539999,15.55,1146600,22.118617
2010-08-19,15.600001,15.61,15.25,15.520002,1132400,22.075946
2010-08-20,15.430002,15.569998,15.370001,15.55,712800,22.118617
2010-08-23,15.539999,15.62,15.269999,15.290001,862100,21.74879
2010-08-24,15.039999,15.3,14.88,15.199999,1020700,21.620768
2010-08-25,15.109999,15.290001,15.070002,15.179999,960300,21.592321
2010-08-26,15.150001,15.370001,14.979999,15.16,1081300,21.563873
2010-08-27,15.199999,15.32,14.920002,15.310001,813400,21.777237
2010-08-30,15.259998,15.39,15.129998,15.129998,742600,21.521198
2010-08-31,15.09,15.17,14.87,14.88,1421800,21.165596
2010-09-01,15.1,15.399999,15.049998,15.370001,1076400,21.862582
2010-09-02,15.68,15.69,14.950001,15.179999,1613600,21.592321
2010-09-03,15.280003,15.510001,15.240001,15.510001,809400,22.061721
2010-09-07,15.48,15.48,15.3,15.339999,863900,21.819908
2010-09-08,15.280003,15.339999,15.17,15.25,602500,21.69189
2010-09-09,15.349998,15.380001,15.119998,15.17,604800,21.578098
2010-09-10,15.23,15.269999,15.039999,15.16,994300,21.563873
2010-09-13,15.25,15.450001,15.220001,15.3,718400,21.763012
2010-09-14,15.290001,15.380001,15.1,15.290001,624100,21.74879
2010-09-15,15.290001,15.290001,15.1,15.199999,613200,21.620768
2010-09-16,15.370001,15.740001,15.349998,15.69,1319200,22.317756
2010-09-17,15.709998,15.789999,15.530001,15.62,1353500,22.218186
2010-09-20,15.670001,15.859998,15.569998,15.829999,790400,22.516893
2010-09-21,15.779999,15.890001,15.580001,15.84,828600,22.531118
2010-09-22,15.829999,15.960001,15.68,15.939998,1067000,22.673358
2010-09-23,15.870001,15.989999,15.740001,15.75,1096600,22.403101
2010-09-24,15.91,16.13,15.870001,16.100001,707300,22.900949
2010-09-27,16.079999,16.090003,15.730002,15.760001,726900,22.417326
2010-09-28,15.810002,15.939998,15.660002,15.919999,530300,22.64491
2010-09-29,15.810002,15.929998,15.740001,15.880002,724900,22.588017
2010-09-30,15.929998,16.030001,15.800001,15.98,870800,22.730257
2010-10-01,15.989999,16.030001,15.810002,16.030001,743400,22.80138
2010-10-04,15.999998,16.050001,15.61,15.660002,782400,22.275086
2010-10-05,15.730002,16.020002,15.670001,15.989999,959200,22.74448
2010-10-06,16.030001,16.030001,15.829999,15.939998,888900,22.673358
2010-10-07,15.999998,15.999998,15.800001,15.9,667100,22.616463
2010-10-08,15.9,15.919999,15.670001,15.880002,1092200,22.588017
2010-10-11,15.859998,16.100001,15.800001,16.04,756900,22.815602
2010-10-12,15.989999,16.090003,15.880002,16.030001,826600,22.80138
2010-10-13,16.069998,16.069998,15.800001,15.91,1075200,22.630688
2010-10-14,15.9,15.91,15.789999,15.91,999500,22.630688
2010-10-15,15.999998,16.079999,15.890001,16.079999,1300200,22.872497
2010-10-18,16.050001,16.100001,15.929998,16.069998,463700,22.858272
2010-10-19,15.97,16.06,15.69,15.77,917800,22.431548
2010-10-20,15.779999,15.859998,15.730002,15.760001,861500,22.417326
2010-10-21,15.82,16.050001,15.77,15.870001,738100,22.573793
2010-10-22,15.880002,15.919999,15.68,15.760001,610900,22.417326
2010-10-25,15.810002,15.91,15.650002,15.69,717000,22.317756
2010-10-26,15.670001,15.82,15.61,15.660002,610300,22.275086
2010-10-27,15.55,15.61,15.220001,15.32,1585400,21.79146
2010-10-28,15.370001,15.639998,15.349998,15.569998,867000,22.147062
2010-10-29,15.530001,15.580001,15.419998,15.539999,693700,22.104392
2010-11-01,15.740001,15.9,15.61,15.75,1066000,22.403101
2010-11-02,15.859998,15.97,15.760001,15.919999,930000,22.64491
2010-11-03,15.91,15.939998,15.68,15.91,586600,22.630688
2010-11-04,16.020002,16.04,15.880002,16.04,684800,22.815602
2010-11-05,15.999998,16.190001,15.960001,16.120001,667000,22.929397
2010-11-08,16.090003,16.139999,15.98,16.090003,427600,22.886727
2010-11-09,15.929998,15.98,15.730002,15.77,1064400,22.431548
2010-11-10,15.779999,15.84,15.730002,15.800001,979300,22.474223
2010-11-11,15.639998,15.69,15.440001,15.55,1141700,22.118617
2010-11-12,15.48,15.55,15.399999,15.530001,556200,22.090169
2010-11-15,15.539999,15.61,15.450001,15.520002,605700,22.075946
2010-11-16,15.450001,15.469999,15.17,15.23,691000,21.663443
2010-11-17,15.210002,15.440001,15.17,15.25,857200,21.69189
2010-11-18,15.399999,15.629999,15.39,15.489999,630800,22.03327
2010-11-19,15.489999,15.539999,15.380001,15.530001,544800,22.090169
2010-11-22,15.450001,15.62,15.419998,15.61,441200,22.203961
2010-11-23,15.469999,15.489999,15.32,15.430002,682900,21.947929
2010-11-24,15.530001,15.740001,15.520002,15.730002,653300,22.374655
2010-11-26,15.629999,15.650002,15.489999,15.499998,221800,22.047492
2010-11-29,15.419998,15.419998,15.220001,15.329999,811400,21.805683
2010-11-30,15.210002,15.510001,15.189998,15.32,877900,21.79146
2010-12-01,15.469999,15.84,15.469999,15.810002,1151200,22.488448
2010-12-02,15.800001,16.04,15.699999,16.009999,862600,22.772928
2010-12-03,15.939998,15.999998,15.810002,15.880002,1287000,22.588017
2010-12-06,15.82,15.859998,15.709998,15.77,851000,22.431548
2010-12-07,15.829999,15.999998,15.760001,15.870001,772600,22.573793
2010-12-08,15.859998,16.250001,15.829999,16.209999,1730800,23.057412
2010-12-09,15.430002,15.580001,15.049998,15.17,3613000,21.578098
2010-12-10,15.179999,15.199999,15.049998,15.129998,1654700,21.521198
2010-12-13,15.23,15.399999,15.119998,15.39,1755700,21.89103
2010-12-14,15.370001,15.419998,15.259998,15.39,1186600,21.89103
2010-12-15,15.189998,15.629999,15.09,15.450001,1682000,21.976377
2010-12-16,15.419998,15.499998,15.32,15.48,994800,22.019047
2010-12-17,15.55,15.699999,15.520002,15.699999,2395600,22.331979
2010-12-20,15.800001,15.810002,15.590002,15.77,1513800,22.431548
2010-12-21,15.789999,15.84,15.709998,15.740001,1396100,22.388878
2010-12-22,15.719999,15.829999,15.650002,15.77,734100,22.431548
2010-12-23,15.740001,15.9,15.730002,15.829999,677700,22.516893
2010-12-27,15.77,15.870001,15.760001,15.810002,510300,22.488448
2010-12-28,15.800001,15.9,15.800001,15.849999,626200,22.545341
2010-12-29,15.82,15.989999,15.82,15.960001,876000,22.70181
2010-12-30,15.939998,16.020002,15.929998,15.989999,585000,22.74448
2010-12-31,15.97,16.020002,15.810002,15.859998,844600,22.559563
