Date,Open,High,Low,Close,Volume,Adj Close
2006-01-03,27.48,27.48,26.99,27.450001,583400,27.450001
2006-01-04,27.5,27.889999,27.459999,27.809999,483100,27.809999
2006-01-05,27.889999,28.040001,27.68,27.950001,456900,27.950001
2006-01-06,28.299999,28.389999,28.0,28.120001,449400,28.120001
2006-01-09,28.299999,28.450001,28.120001,28.209999,276000,28.209999
2006-01-10,28.18,29.209999,28.049999,29.040001,1120300,29.040001
2006-01-11,29.5,30.18,29.34,30.01,924600,30.01
2006-01-12,30.15,30.42,29.98,30.09,504700,30.09
2006-01-13,30.040001,30.389999,29.889999,30.02,276900,30.02
2006-01-17,30.360001,31.540001,30.15,30.93,1321200,30.93
2006-01-18,30.690001,31.17,30.629999,31.02,402400,31.02
2006-01-19,30.889999,31.450001,30.889999,31.01,757700,31.01
2006-01-20,31.190001,31.26,30.450001,30.700001,688700,30.700001
2006-01-23,30.85,30.940001,30.35,30.4,389900,30.4
2006-01-24,30.110001,31.77,30.1,31.540001,1039400,31.540001
2006-01-25,31.75,32.380001,31.299999,31.4,1140100,31.4
2006-01-26,31.440001,32.200001,31.33,32.18,433400,32.18
2006-01-27,32.200001,33.029999,31.84,32.029999,729200,32.029999
2006-01-30,32.119999,32.380001,31.99,32.16,516100,32.16
2006-01-31,32.0,32.150002,31.42,32.049999,663500,32.049999
2006-02-01,31.879999,32.52,31.84,32.02,673400,32.02
2006-02-02,31.870001,32.360001,31.870001,31.92,464100,31.92
2006-02-03,31.85,32.110001,31.66,32.040001,726100,32.040001
2006-02-06,32.040001,32.349998,31.85,32.18,564400,32.18
2006-02-07,32.080002,32.25,31.49,31.58,403300,31.58
2006-02-08,31.77,31.82,30.969999,31.209999,398700,31.209999
2006-02-09,31.389999,32.439999,31.379999,32.439999,1268900,32.439999
2006-02-10,33.200001,33.610001,32.5,32.860001,1084900,32.860001
2006-02-13,32.900002,33.200001,32.509998,32.700001,437900,32.700001
2006-02-14,32.82,32.919998,32.43,32.599998,452000,32.599998
2006-02-15,32.509998,33.169998,32.25,33.060001,271900,33.060001
2006-02-16,33.209999,33.240002,32.810001,32.950001,298100,32.950001
2006-02-17,33.040001,33.09,32.419998,32.82,402800,32.82
2006-02-21,32.689999,32.869999,32.16,32.23,425100,32.23
2006-02-22,32.32,32.360001,31.610001,31.91,451400,31.91
2006-02-23,31.84,31.98,31.35,31.41,397400,31.41
2006-02-24,31.35,31.74,31.33,31.559999,315400,31.559999
2006-02-27,31.57,31.57,30.41,31.0,968400,31.0
2006-02-28,30.84,31.15,30.5,30.58,580100,30.58
2006-03-01,30.25,33.119999,29.950001,32.630001,1740900,32.630001
2006-03-02,32.93,32.93,31.809999,32.0,897500,32.0
2006-03-03,31.74,32.029999,31.15,31.379999,1287800,31.379999
2006-03-06,31.48,32.119999,31.280001,31.5,644600,31.5
2006-03-07,31.51,31.6,30.559999,31.52,832900,31.52
2006-03-08,31.32,31.450001,31.0,31.299999,224400,31.299999
2006-03-09,31.5,31.92,31.200001,31.440001,223700,31.440001
2006-03-10,31.940001,33.200001,31.91,32.98,1684300,32.98
2006-03-13,32.950001,33.349998,32.689999,33.049999,559200,33.049999
2006-03-14,32.93,33.049999,32.529999,33.009998,311300,33.009998
2006-03-15,33.150002,33.75,33.0,33.27,655900,33.27
2006-03-16,33.59,33.59,33.279999,33.439999,578400,33.439999
2006-03-17,33.849998,34.049999,33.599998,33.849998,568500,33.849998
2006-03-20,33.799999,34.049999,33.669998,33.849998,372000,33.849998
2006-03-21,33.580002,33.849998,33.400002,33.580002,379200,33.580002
2006-03-22,33.759998,34.02,33.490002,33.990002,444100,33.990002
2006-03-23,34.049999,34.34,33.849998,34.240002,496200,34.240002
2006-03-24,34.349998,34.91,34.099998,34.209999,479000,34.209999
2006-03-27,34.099998,35.099998,34.099998,34.5,1037300,34.5
2006-03-28,34.75,34.959999,34.060001,34.619999,550000,34.619999
2006-03-29,34.77,35.040001,34.599998,34.869999,330800,34.869999
2006-03-30,35.080002,35.459999,34.599998,34.82,996000,34.82
2006-03-31,35.049999,35.23,34.610001,35.130001,588900,35.130001
2006-04-03,35.439999,35.459999,34.709999,35.049999,531800,35.049999
2006-04-04,35.169998,35.169998,34.57,34.849998,257100,34.849998
2006-04-05,34.75,35.02,34.509998,34.82,224400,34.82
2006-04-06,34.82,35.150002,34.580002,35.099998,375200,35.099998
2006-04-07,35.299999,35.669998,35.169998,35.59,557800,35.59
2006-04-10,35.68,35.68,35.110001,35.389999,328100,35.389999
2006-04-11,35.419998,35.5,35.110001,35.330002,473400,35.330002
2006-04-12,35.23,35.25,34.91,35.119999,405600,35.119999
2006-04-13,36.84,37.400002,36.099998,37.209999,2912000,37.209999
2006-04-17,37.27,37.349998,37.099998,37.200001,692300,37.200001
2006-04-18,37.25,37.369999,36.849998,37.25,1008800,37.25
2006-04-19,36.849998,38.220001,36.709999,37.84,10371800,37.84
2006-04-20,37.880001,39.060001,37.650002,38.599998,1787200,38.599998
2006-04-21,39.389999,39.400002,37.849998,38.34,2022900,38.34
2006-04-24,38.099998,38.369999,37.919998,37.990002,784200,37.990002
2006-04-25,38.27,39.25,37.900002,38.990002,1250200,38.990002
2006-04-26,39.200001,39.25,38.68,38.689999,523500,38.689999
2006-04-27,38.740002,38.860001,38.0,38.400002,351600,38.400002
2006-04-28,38.5,38.790001,37.950001,38.09,589400,38.09
2006-05-01,38.119999,39.66,38.0,38.830002,1004700,38.830002
2006-05-02,39.009998,39.009998,38.369999,38.540001,777400,38.540001
2006-05-03,38.330002,38.709999,38.240002,38.5,738200,38.5
2006-05-04,38.099998,40.139999,37.599998,39.880001,1946000,39.880001
2006-05-05,40.240002,40.59,40.169998,40.200001,846900,40.200001
2006-05-08,40.200001,40.23,39.779999,39.970001,548100,39.970001
2006-05-09,39.82,40.419998,39.810001,40.360001,481600,40.360001
2006-05-10,40.259998,40.630001,40.02,40.41,537900,40.41
2006-05-11,40.34,40.34,39.610001,40.150002,907400,40.150002
2006-05-12,40.119999,40.25,39.009998,39.25,878200,39.25
2006-05-15,39.080002,39.080002,38.040001,38.380001,995800,38.380001
2006-05-16,38.540001,38.939999,38.27,38.32,749400,38.32
2006-05-17,38.130001,38.779999,38.130001,38.360001,553500,38.360001
2006-05-18,38.549999,38.689999,38.049999,38.130001,538400,38.130001
2006-05-19,38.490002,39.0,37.66,38.279999,601300,38.279999
2006-05-22,37.77,38.110001,36.549999,37.619999,1531700,37.619999
2006-05-23,37.779999,38.0,37.369999,37.41,643600,37.41
2006-05-24,37.299999,38.049999,37.299999,37.700001,695100,37.700001
2006-05-25,38.0,38.279999,37.900002,38.240002,314900,38.240002
2006-05-26,38.34,38.759998,38.130001,38.75,327800,38.75
2006-05-30,38.759998,38.860001,37.650002,37.82,815800,37.82
2006-05-31,37.849998,38.209999,37.84,38.130001,1046600,38.130001
2006-06-01,38.0,38.240002,37.59,38.169998,781600,38.169998
2006-06-02,38.200001,38.34,37.810001,38.009998,486900,38.009998
2006-06-05,37.990002,38.0,36.830002,36.900002,593600,36.900002
2006-06-06,36.970001,37.150002,36.23,36.779999,715000,36.779999
2006-06-07,36.700001,37.32,36.490002,36.650002,945500,36.650002
2006-06-08,36.299999,36.450001,34.25,35.459999,1933400,35.459999
2006-06-09,35.59,35.700001,33.970001,34.400002,1188900,34.400002
2006-06-12,34.299999,34.619999,33.32,33.360001,890400,33.360001
2006-06-13,33.279999,33.549999,32.5,32.860001,1264000,32.860001
2006-06-14,32.790001,33.27,32.34,33.200001,2257500,33.200001
2006-06-15,33.5,34.669998,33.5,34.619999,1128200,34.619999
2006-06-16,34.619999,34.810001,34.139999,34.529999,1151500,34.529999
2006-06-19,34.5,34.959999,34.060001,34.360001,931300,34.360001
2006-06-20,34.200001,34.98,34.139999,34.549999,984600,34.549999
2006-06-21,34.490002,34.77,34.18,34.23,782400,34.23
2006-06-22,34.23,34.23,33.52,34.080002,644100,34.080002
2006-06-23,33.82,34.84,33.779999,34.41,623000,34.41
2006-06-26,34.369999,34.720001,34.0,34.360001,345000,34.360001
2006-06-27,34.23,34.380001,33.619999,34.040001,619200,34.040001
2006-06-28,34.310001,34.48,33.630001,34.169998,801400,34.169998
2006-06-29,34.470001,35.419998,34.220001,35.419998,659500,35.419998
2006-06-30,35.5,36.09,35.41,35.619999,753600,35.619999
2006-07-03,36.040001,36.130001,35.509998,35.900002,222700,35.900002
2006-07-05,36.259998,36.650002,35.220001,35.790001,675400,35.790001
2006-07-06,35.689999,35.959999,35.5,35.77,298700,35.77
2006-07-07,35.82,36.25,35.380001,35.59,576300,35.59
2006-07-10,35.599998,35.860001,35.049999,35.189999,253000,35.189999
2006-07-11,35.009998,35.459999,34.23,35.18,875200,35.18
2006-07-12,35.279999,36.240002,34.740002,34.790001,641100,34.790001
2006-07-13,34.68,34.68,34.049999,34.439999,450100,34.439999
2006-07-14,34.75,34.799999,33.689999,33.919998,449300,33.919998
2006-07-17,33.73,34.529999,33.419998,33.830002,291500,33.830002
2006-07-18,33.919998,34.330002,33.439999,33.830002,365000,33.830002
2006-07-19,33.970001,34.950001,33.77,34.900002,576300,34.900002
2006-07-20,34.779999,35.34,34.450001,34.75,719400,34.75
2006-07-21,34.630001,34.849998,33.84,34.419998,703600,34.419998
2006-07-24,34.490002,35.16,34.490002,35.009998,452000,35.009998
2006-07-25,35.009998,35.290001,34.380001,34.93,446900,34.93
2006-07-26,34.779999,34.849998,34.240002,34.650002,604500,34.650002
2006-07-27,34.900002,34.919998,33.950001,34.150002,471400,34.150002
2006-07-28,34.240002,34.540001,34.060001,34.27,393000,34.27
2006-07-31,34.080002,34.119999,33.700001,33.970001,470100,33.970001
2006-08-01,34.119999,34.200001,33.279999,33.759998,741700,33.759998
2006-08-02,33.709999,34.34,32.369999,32.77,1512700,32.77
2006-08-03,30.0,31.23,28.629999,30.27,6806200,30.27
2006-08-04,30.42,30.85,29.26,29.299999,2495500,29.299999
2006-08-07,29.299999,29.719999,29.0,29.389999,1410400,29.389999
2006-08-08,29.59,29.799999,29.110001,29.280001,632300,29.280001
2006-08-09,29.620001,29.73,28.809999,28.85,486100,28.85
2006-08-10,28.9,29.32,28.82,29.0,837200,29.0
2006-08-11,28.879999,29.870001,28.879999,29.75,935100,29.75
2006-08-14,30.0,30.129999,29.549999,29.700001,749700,29.700001
2006-08-15,30.129999,30.139999,29.27,29.700001,781200,29.700001
2006-08-16,29.700001,29.74,29.309999,29.4,1200100,29.4
2006-08-17,29.42,29.98,29.209999,29.67,2130200,29.67
2006-08-18,29.620001,29.9,28.959999,29.440001,849500,29.440001
2006-08-21,29.17,29.52,28.85,29.24,508600,29.24
2006-08-22,29.190001,29.48,29.0,29.200001,699000,29.200001
2006-08-23,29.07,29.309999,28.25,28.799999,703200,28.799999
2006-08-24,28.959999,28.969999,28.299999,28.74,548000,28.74
2006-08-25,28.59,28.629999,28.08,28.389999,794700,28.389999
2006-08-28,28.26,28.84,28.24,28.809999,747400,28.809999
2006-08-29,28.98,29.120001,28.52,28.959999,930400,28.959999
2006-08-30,28.870001,29.41,28.76,29.309999,621200,29.309999
2006-08-31,29.25,29.690001,29.040001,29.07,666900,29.07
2006-09-01,29.200001,29.559999,28.99,29.469999,626500,29.469999
2006-09-05,29.559999,29.67,29.08,29.17,473300,29.17
2006-09-06,29.09,29.139999,28.620001,28.67,727400,28.67
2006-09-07,28.52,28.58,28.15,28.17,591200,28.17
2006-09-08,28.18,28.309999,27.85,28.030001,873000,28.030001
2006-09-11,27.25,27.959999,26.91,27.82,1765000,27.82
2006-09-12,27.83,29.049999,27.74,29.040001,1394600,29.040001
2006-09-13,29.16,29.48,29.139999,29.15,894100,29.15
2006-09-14,29.280001,29.379999,28.75,29.26,435800,29.26
2006-09-15,29.35,29.98,29.299999,29.93,1310900,29.93
2006-09-18,29.77,30.4,29.77,30.25,922900,30.25
2006-09-19,30.280001,30.66,30.07,30.639999,916200,30.639999
2006-09-20,30.6,31.07,30.450001,31.059999,721000,31.059999
2006-09-21,31.1,31.290001,30.76,31.01,626100,31.01
2006-09-22,30.950001,30.950001,30.17,30.48,498100,30.48
2006-09-25,30.48,31.02,30.16,30.969999,539400,30.969999
2006-09-26,31.040001,31.34,30.73,31.209999,753000,31.209999
2006-09-27,31.24,31.540001,31.08,31.309999,568600,31.309999
2006-09-28,31.27,31.5,31.26,31.389999,457400,31.389999
2006-09-29,31.51,31.950001,31.34,31.799999,905800,31.799999
2006-10-02,31.690001,32.0,30.5,30.719999,1417900,30.719999
2006-10-03,30.780001,31.549999,30.780001,31.190001,1170500,31.190001
2006-10-04,31.040001,31.93,31.0,31.77,762100,31.77
2006-10-05,31.66,32.040001,31.48,31.93,594000,31.93
2006-10-06,31.940001,32.029999,31.49,31.98,507300,31.98
2006-10-09,31.82,32.169998,31.620001,31.809999,497200,31.809999
2006-10-10,31.74,31.98,31.25,31.799999,829600,31.799999
2006-10-11,31.85,31.85,31.25,31.57,553000,31.57
2006-10-12,31.51,31.85,31.09,31.469999,775400,31.469999
2006-10-13,31.35,31.43,30.74,30.870001,936000,30.870001
2006-10-16,30.75,31.09,30.58,30.77,636600,30.77
2006-10-17,30.59,30.709999,30.08,30.190001,706100,30.190001
2006-10-18,30.25,30.290001,29.969999,30.190001,901400,30.190001
2006-10-19,30.139999,30.59,30.01,30.280001,533700,30.280001
2006-10-20,30.370001,30.370001,28.84,28.860001,2780500,28.860001
2006-10-23,29.049999,29.23,28.65,28.940001,1490500,28.940001
2006-10-24,28.99,29.09,28.549999,28.73,873100,28.73
2006-10-25,28.790001,28.959999,28.049999,28.34,1686700,28.34
2006-10-26,28.43,28.43,26.950001,27.4,2995000,27.4
2006-10-27,27.219999,29.0,27.219999,28.4,2169100,28.4
2006-10-30,28.290001,28.66,28.18,28.52,710600,28.52
2006-10-31,28.42,28.540001,27.84,28.030001,892800,28.030001
2006-11-01,27.950001,28.629999,27.950001,28.309999,1715400,28.309999
2006-11-02,28.23,28.68,27.870001,27.870001,1444200,27.870001
2006-11-03,27.200001,27.719999,26.4,27.09,4527500,27.09
2006-11-06,27.110001,27.879999,27.09,27.639999,1792500,27.639999
2006-11-07,27.610001,27.65,27.25,27.530001,2143400,27.530001
2006-11-08,27.32,28.25,27.25,28.0,1337800,28.0
2006-11-09,28.1,28.110001,27.49,27.690001,709200,27.690001
2006-11-10,27.610001,28.059999,27.48,27.889999,990100,27.889999
2006-11-13,27.950001,28.290001,27.799999,28.219999,767400,28.219999
2006-11-14,28.200001,29.040001,28.200001,29.02,982900,29.02
2006-11-15,28.969999,29.379999,28.809999,29.139999,948800,29.139999
2006-11-16,29.030001,29.4,28.860001,29.379999,751900,29.379999
2006-11-17,29.17,29.360001,28.92,29.32,681000,29.32
2006-11-20,29.190001,29.4,29.1,29.24,891400,29.24
2006-11-21,29.200001,29.299999,29.040001,29.290001,922900,29.290001
2006-11-22,29.379999,29.59,29.190001,29.58,346100,29.58
2006-11-24,29.48,29.58,29.27,29.530001,133100,29.530001
2006-11-27,29.440001,29.440001,28.91,29.0,1180900,29.0
2006-11-28,29.01,29.139999,28.48,28.82,1433800,28.82
2006-11-29,28.77,29.4,28.74,29.07,1117500,29.07
2006-11-30,29.059999,29.299999,28.83,29.049999,863800,29.049999
2006-12-01,29.01,29.610001,29.01,29.459999,1185100,29.459999
2006-12-04,29.51,30.32,29.5,30.209999,1352200,30.209999
2006-12-05,30.35,31.67,30.219999,31.49,2302000,31.49
2006-12-06,31.59,32.5,31.25,32.029999,2200900,32.029999
2006-12-07,31.940001,32.43,31.469999,32.34,2116600,32.34
2006-12-08,32.330002,32.549999,32.049999,32.209999,1615400,32.209999
2006-12-11,32.27,32.32,32.0,32.18,1127600,32.18
2006-12-12,32.040001,32.139999,31.469999,31.77,1161600,31.77
2006-12-13,31.889999,31.9,31.0,31.18,1720900,31.18
2006-12-14,31.1,31.639999,31.0,31.360001,1171400,31.360001
2006-12-15,31.33,31.83,31.280001,31.43,1026900,31.43
2006-12-18,31.370001,31.76,31.360001,31.51,1166300,31.51
2006-12-19,31.360001,31.459999,30.889999,31.1,1067900,31.1
2006-12-20,31.01,31.33,30.52,30.790001,974000,30.790001
2006-12-21,30.65,30.92,30.18,30.33,778100,30.33
2006-12-22,30.309999,30.43,29.91,30.129999,668800,30.129999
2006-12-26,30.209999,30.57,30.040001,30.18,614600,30.18
2006-12-27,30.309999,30.879999,30.27,30.75,604000,30.75
2006-12-28,30.75,30.9,30.25,30.33,724300,30.33
2006-12-29,30.43,30.719999,30.17,30.23,492300,30.23
2007-01-03,30.33,30.940001,30.17,30.790001,1511000,30.790001
2007-01-04,30.6,30.6,29.959999,30.290001,1192700,30.290001
2007-01-05,30.389999,30.389999,29.51,29.66,977400,29.66
2007-01-08,29.73,29.73,29.01,29.49,2087200,29.49
2007-01-09,29.42,29.5,28.879999,29.0,1320200,29.0
2007-01-10,28.98,29.25,28.610001,29.120001,1757100,29.120001
2007-01-11,29.17,29.59,28.950001,29.559999,1257300,29.559999
2007-01-12,29.610001,29.65,29.15,29.42,992900,29.42
2007-01-16,29.42,29.66,29.389999,29.530001,762600,29.530001
2007-01-17,29.59,30.200001,29.540001,30.139999,1225600,30.139999
2007-01-18,29.99,30.27,29.959999,30.129999,1025700,30.129999
2007-01-19,30.07,30.790001,29.809999,30.57,1153900,30.57
2007-01-22,30.700001,30.75,30.0,30.309999,958600,30.309999
2007-01-23,30.23,30.280001,29.99,30.049999,501900,30.049999
2007-01-24,30.139999,30.59,29.99,30.51,572900,30.51
2007-01-25,30.41,30.450001,29.709999,29.940001,603500,29.940001
2007-01-26,29.9,30.25,29.469999,30.059999,855600,30.059999
2007-01-29,30.01,30.190001,29.99,30.07,884800,30.07
2007-01-30,30.08,30.959999,30.0,30.93,1842600,30.93
2007-01-31,30.969999,31.290001,30.35,31.040001,4831700,31.040001
2007-02-01,31.16,31.59,30.799999,31.41,1429800,31.41
2007-02-02,31.41,31.559999,30.959999,31.040001,1078900,31.040001
2007-02-05,31.059999,31.09,30.4,30.690001,695700,30.690001
2007-02-06,30.67,30.67,30.24,30.42,609000,30.42
2007-02-07,30.25,30.65,29.889999,30.530001,988900,30.530001
2007-02-08,30.459999,30.530001,29.969999,30.01,738400,30.01
2007-02-09,29.969999,30.290001,29.969999,30.17,1330500,30.17
2007-02-12,30.280001,30.4,30.09,30.33,1253700,30.33
2007-02-13,30.549999,31.299999,30.5,30.98,5091700,30.98
2007-02-14,31.33,31.57,31.040001,31.459999,1037600,31.459999
2007-02-15,32.009998,34.849998,32.009998,34.5,4650100,34.5
2007-02-16,34.459999,34.639999,33.810001,34.139999,1830000,34.139999
2007-02-20,34.169998,34.630001,34.040001,34.599998,1183900,34.599998
2007-02-21,34.459999,34.630001,34.049999,34.330002,790000,34.330002
2007-02-22,34.470001,34.560001,34.139999,34.540001,1484200,34.540001
2007-02-23,34.369999,34.599998,34.279999,34.32,1620500,34.32
2007-02-26,34.389999,34.389999,33.490002,33.700001,1456000,33.700001
2007-02-27,33.439999,33.439999,32.52,32.810001,1617800,32.810001
2007-02-28,33.040001,33.189999,32.349998,32.700001,1596900,32.700001
2007-03-01,32.130001,32.98,31.629999,32.68,2277700,32.68
2007-03-02,33.220001,34.34,32.900002,33.27,3519300,33.27
2007-03-05,33.029999,33.439999,31.700001,31.719999,2462100,31.719999
2007-03-06,31.969999,32.549999,31.700001,32.360001,1429300,32.360001
2007-03-07,32.209999,32.290001,31.6,31.690001,1421300,31.690001
2007-03-08,31.719999,32.18,31.42,31.65,1792800,31.65
2007-03-09,31.9,32.290001,31.530001,32.07,882200,32.07
2007-03-12,32.07,32.439999,31.799999,32.200001,811700,32.200001
2007-03-13,32.279999,32.279999,31.15,31.24,849000,31.24
2007-03-14,31.32,31.32,30.5,30.85,1144500,30.85
2007-03-15,30.98,31.370001,30.98,31.17,519700,31.17
2007-03-16,31.23,31.370001,30.860001,31.09,535200,31.09
2007-03-19,31.33,31.610001,30.98,31.49,628000,31.49
2007-03-20,31.450001,31.549999,30.969999,31.030001,698600,31.030001
2007-03-21,31.120001,32.049999,30.959999,31.959999,856900,31.959999
2007-03-22,31.98,32.43,31.9,32.130001,966400,32.130001
2007-03-23,32.029999,32.279999,31.76,31.92,566100,31.92
2007-03-26,31.99,32.040001,31.49,31.6,663400,31.6
2007-03-27,31.49,31.889999,31.35,31.860001,723200,31.860001
2007-03-28,31.75,31.809999,31.43,31.6,931200,31.6
2007-03-29,31.74,31.940001,31.5,31.809999,735000,31.809999
2007-03-30,32.009998,32.900002,31.9,32.830002,1678400,32.830002
2007-04-02,32.650002,32.73,32.169998,32.41,880400,32.41
2007-04-03,32.549999,32.880001,32.200001,32.279999,885500,32.279999
2007-04-04,32.290001,32.439999,31.92,32.009998,1001400,32.009998
2007-04-05,32.049999,32.5,32.029999,32.279999,718400,32.279999
2007-04-09,32.419998,32.5,31.940001,32.189999,1015900,32.189999
2007-04-10,32.290001,32.349998,31.459999,31.66,824600,31.66
2007-04-11,31.75,31.84,30.959999,31.24,1702600,31.24
2007-04-12,31.18,31.34,30.49,31.24,1891200,31.24
2007-04-13,31.08,31.379999,30.879999,31.17,1196300,31.17
2007-04-16,31.299999,31.73,31.27,31.68,740200,31.68
2007-04-17,31.65,31.65,31.309999,31.51,884200,31.51
2007-04-18,31.610001,31.969999,31.43,31.700001,1809200,31.700001
2007-04-19,31.49,31.91,31.25,31.66,1286300,31.66
2007-04-20,31.799999,32.720001,31.799999,32.66,1413800,32.66
2007-04-23,32.540001,32.790001,32.25,32.66,1050900,32.66
2007-04-24,32.77,32.82,32.07,32.709999,975100,32.709999
2007-04-25,32.720001,33.009998,32.34,33.0,1499200,33.0
2007-04-26,33.0,34.110001,32.639999,33.849998,1777300,33.849998
2007-04-27,33.810001,34.529999,33.330002,33.759998,2062500,33.759998
2007-04-30,33.790001,33.860001,33.130001,33.290001,2164200,33.290001
2007-05-01,34.619999,34.950001,33.75,33.959999,3056100,33.959999
2007-05-02,34.369999,35.59,34.060001,35.369999,2701800,35.369999
2007-05-03,35.369999,35.849998,35.0,35.73,2951700,35.73
2007-05-04,37.139999,37.950001,36.689999,37.580002,4104600,37.580002
2007-05-07,37.380001,37.549999,36.439999,36.560001,1398800,36.560001
2007-05-08,36.5,36.5,36.080002,36.389999,1324500,36.389999
2007-05-09,36.150002,37.23,36.119999,37.16,977100,37.16
2007-05-10,37.07,37.259998,36.43,36.490002,808200,36.490002
2007-05-11,36.720001,36.98,36.470001,36.830002,516900,36.830002
2007-05-14,36.77,37.0,36.32,36.709999,543900,36.709999
2007-05-15,36.709999,36.82,36.27,36.279999,889800,36.279999
2007-05-16,36.330002,36.349998,35.849998,36.310001,743800,36.310001
2007-05-17,36.23,36.709999,36.060001,36.52,507900,36.52
2007-05-18,36.57,37.040001,36.099998,36.869999,559400,36.869999
2007-05-21,36.860001,37.900002,36.619999,37.02,730900,37.02
2007-05-22,36.919998,37.650002,36.919998,37.41,721700,37.41
2007-05-23,37.369999,38.130001,37.220001,37.290001,731700,37.290001
2007-05-24,37.349998,37.419998,36.43,36.59,675200,36.59
2007-05-25,36.689999,36.889999,36.119999,36.330002,684500,36.330002
2007-05-29,36.16,36.5,36.009998,36.369999,769800,36.369999
2007-05-30,36.07,36.950001,36.07,36.889999,635900,36.889999
2007-05-31,36.900002,37.419998,36.650002,37.34,935500,37.34
2007-06-01,37.389999,37.669998,36.790001,37.18,806100,37.18
2007-06-04,37.110001,37.330002,36.599998,37.18,877400,37.18
2007-06-05,37.080002,37.18,36.599998,37.130001,948400,37.130001
2007-06-06,36.91,37.0,36.200001,36.380001,851600,36.380001
2007-06-07,36.330002,36.52,35.18,35.220001,995100,35.220001
2007-06-08,35.169998,35.73,35.110001,35.599998,909600,35.599998
2007-06-11,35.490002,35.810001,35.34,35.540001,804600,35.540001
2007-06-12,35.450001,35.599998,35.07,35.16,540500,35.16
2007-06-13,35.189999,35.450001,34.950001,35.349998,703100,35.349998
2007-06-14,35.189999,36.580002,35.110001,36.209999,919300,36.209999
2007-06-15,36.450001,36.84,35.91,36.07,793800,36.07
2007-06-18,36.220001,36.220001,35.619999,35.849998,511900,35.849998
2007-06-19,35.970001,36.369999,35.549999,36.040001,516700,36.040001
2007-06-20,36.040001,36.040001,34.959999,35.110001,1225700,35.110001
2007-06-21,35.099998,35.27,34.740002,35.040001,748600,35.040001
2007-06-22,34.810001,35.099998,34.220001,34.25,1105700,34.25
2007-06-25,34.25,35.040001,34.099998,34.599998,814800,34.599998
2007-06-26,34.689999,35.049999,34.27,34.360001,791800,34.360001
2007-06-27,34.310001,34.5,33.860001,34.169998,1039600,34.169998
2007-06-28,34.169998,34.779999,34.169998,34.5,537900,34.5
2007-06-29,34.549999,35.0,34.18,34.950001,1079700,34.950001
2007-07-02,35.049999,35.380001,34.830002,35.299999,1046200,35.299999
2007-07-03,35.389999,35.540001,35.240002,35.490002,397200,35.490002
2007-07-05,35.459999,35.470001,35.0,35.169998,1050300,35.169998
2007-07-06,35.220001,35.360001,34.959999,35.25,847800,35.25
2007-07-09,35.439999,35.860001,35.290001,35.73,821600,35.73
2007-07-10,35.700001,35.700001,35.07,35.209999,954200,35.209999
2007-07-11,35.139999,35.139999,34.25,34.720001,1647700,34.720001
2007-07-12,34.849998,35.75,34.610001,35.720001,1463200,35.720001
2007-07-13,35.610001,36.279999,35.610001,35.91,1400500,35.91
2007-07-16,35.860001,36.16,35.529999,35.669998,745400,35.669998
2007-07-17,35.66,36.080002,35.299999,35.310001,1173700,35.310001
2007-07-18,35.200001,36.860001,35.07,36.779999,1927200,36.779999
2007-07-19,36.91,38.0,36.91,37.580002,2791800,37.580002
2007-07-20,37.82,38.200001,36.119999,36.799999,1694700,36.799999
2007-07-23,36.990002,37.119999,36.509998,36.75,645700,36.75
2007-07-24,36.450001,36.560001,35.57,35.720001,979100,35.720001
2007-07-25,36.009998,36.990002,35.889999,36.759998,1191700,36.759998
2007-07-26,36.470001,37.369999,35.560001,36.07,1458100,36.07
2007-07-27,35.990002,36.610001,35.919998,36.009998,1294300,36.009998
2007-07-30,35.939999,36.0,35.02,35.23,1923600,35.23
2007-07-31,35.310001,35.549999,34.259998,34.310001,1594800,34.310001
2007-08-01,34.18,34.689999,33.259998,33.560001,2150900,33.560001
2007-08-02,33.549999,33.700001,32.700001,33.25,2109900,33.25
2007-08-03,34.700001,36.450001,34.139999,34.459999,3713800,34.459999
2007-08-06,34.630001,35.700001,34.290001,35.27,1790900,35.27
2007-08-07,35.18,36.709999,34.84,36.59,1839100,36.59
2007-08-08,36.869999,38.490002,36.869999,38.200001,3161600,38.200001
2007-08-09,38.200001,39.459999,37.16,37.799999,5030000,37.799999
2007-08-10,37.57,38.029999,35.119999,35.77,2516000,35.77
2007-08-13,36.18,36.200001,34.82,35.779999,1261700,35.779999
2007-08-14,35.509998,35.900002,35.029999,35.450001,504600,35.450001
2007-08-15,35.119999,35.91,34.099998,34.240002,975500,34.240002
2007-08-16,33.900002,34.369999,31.68,32.759998,3422800,32.759998
2007-08-17,33.82,33.959999,32.23,32.73,1990700,32.73
2007-08-20,32.880001,33.549999,32.650002,33.200001,769100,33.200001
2007-08-21,33.07,33.560001,32.810001,33.09,1441100,33.09
2007-08-22,33.450001,33.990002,33.240002,33.959999,981800,33.959999
2007-08-23,33.990002,33.990002,33.119999,33.25,1378500,33.25
2007-08-24,33.099998,33.380001,32.779999,33.310001,1124800,33.310001
2007-08-27,33.200001,33.419998,32.669998,32.900002,414200,32.900002
2007-08-28,32.66,33.25,32.490002,32.619999,454500,32.619999
2007-08-29,33.5,34.689999,33.09,34.639999,1519300,34.639999
2007-08-30,34.16,34.82,33.75,34.299999,653000,34.299999
2007-08-31,34.709999,34.98,34.25,34.889999,544400,34.889999
2007-09-04,34.849998,35.630001,34.43,35.349998,734800,35.349998
2007-09-05,34.970001,35.57,34.959999,35.5,542000,35.5
2007-09-06,35.450001,35.709999,35.299999,35.68,398000,35.68
2007-09-07,35.220001,35.450001,34.759998,34.900002,476200,34.900002
2007-09-10,35.119999,35.32,34.419998,34.639999,428000,34.639999
2007-09-11,34.82,35.209999,34.540001,35.209999,1959100,35.209999
2007-09-12,35.099998,35.630001,35.099998,35.25,370500,35.25
2007-09-13,35.5,35.549999,35.0,35.209999,300100,35.209999
2007-09-14,34.990002,35.400002,34.900002,35.330002,274600,35.330002
2007-09-17,35.23,35.439999,34.810001,34.869999,263400,34.869999
2007-09-18,34.970001,35.849998,34.810001,35.82,521800,35.82
2007-09-19,35.860001,36.0,35.450001,35.580002,564300,35.580002
2007-09-20,35.529999,36.09,35.470001,35.75,667900,35.75
2007-09-21,36.049999,36.459999,35.889999,36.310001,801200,36.310001
2007-09-24,36.220001,36.93,36.110001,36.560001,1113900,36.560001
2007-09-25,36.450001,37.84,36.25,37.57,688700,37.57
2007-09-26,37.830002,38.119999,37.630001,37.84,500400,37.84
2007-09-27,38.049999,38.139999,37.43,37.720001,264300,37.720001
2007-09-28,37.790001,38.099998,37.380001,37.599998,2656200,37.599998
2007-10-01,37.599998,38.970001,37.599998,38.66,1184900,38.66
2007-10-02,38.700001,38.700001,38.240002,38.43,607700,38.43
2007-10-03,38.299999,38.580002,37.779999,37.869999,608900,37.869999
2007-10-04,38.009998,38.060001,37.23,37.720001,996100,37.720001
2007-10-05,37.889999,38.209999,37.619999,38.060001,1507200,38.060001
2007-10-08,37.93,38.369999,37.849998,38.200001,326800,38.200001
2007-10-09,38.25,39.220001,38.25,38.790001,1057700,38.790001
2007-10-10,38.650002,38.959999,38.5,38.82,424800,38.82
2007-10-11,38.990002,39.330002,38.18,38.549999,502400,38.549999
2007-10-12,38.439999,40.310001,38.41,39.919998,2031400,39.919998
2007-10-15,40.09,40.700001,38.669998,39.150002,1288600,39.150002
2007-10-16,39.009998,39.34,38.43,38.540001,948400,38.540001
2007-10-17,38.540001,38.990002,37.810001,38.240002,1022600,38.240002
2007-10-18,38.169998,38.34,37.549999,38.299999,557300,38.299999
2007-10-19,38.299999,39.07,38.130001,38.299999,590100,38.299999
2007-10-22,37.919998,39.049999,37.459999,37.529999,993300,37.529999
2007-10-23,37.330002,37.560001,36.07,37.16,2127800,37.16
2007-10-24,37.049999,37.880001,36.419998,37.849998,1357600,37.849998
2007-10-25,37.82,38.259998,37.32,37.939999,883500,37.939999
2007-10-26,38.0,38.200001,36.540001,36.790001,996500,36.790001
2007-10-29,36.869999,37.139999,36.23,36.580002,1101300,36.580002
2007-10-30,36.43,36.849998,36.240002,36.529999,746500,36.529999
2007-10-31,36.619999,36.619999,35.330002,36.150002,1545100,36.150002
2007-11-01,36.110001,36.540001,35.099998,35.689999,1200400,35.689999
2007-11-02,34.18,36.240002,33.57,34.009998,3758300,34.009998
2007-11-05,33.580002,34.720001,33.110001,33.93,1575700,33.93
2007-11-06,34.0,34.82,33.75,34.740002,1508100,34.740002
2007-11-07,34.049999,34.32,33.209999,33.259998,1262700,33.259998
2007-11-08,33.32,33.700001,32.369999,32.919998,985800,32.919998
2007-11-09,32.509998,32.799999,31.98,32.259998,1029400,32.259998
2007-11-12,32.290001,32.75,31.9,32.02,695200,32.02
2007-11-13,32.240002,32.66,31.76,32.66,930700,32.66
2007-11-14,32.389999,32.950001,32.18,32.18,612500,32.18
2007-11-15,31.940001,32.380001,31.17,31.360001,975700,31.360001
2007-11-16,31.51,31.610001,30.799999,31.190001,1297700,31.190001
2007-11-19,31.1,31.73,31.01,31.17,901400,31.17
2007-11-20,31.5,31.5,30.459999,30.84,906000,30.84
2007-11-21,30.450001,31.52,30.23,31.120001,696600,31.120001
2007-11-23,31.040001,31.219999,30.76,31.07,196600,31.07
2007-11-26,31.120001,32.349998,31.120001,32.009998,1257900,32.009998
2007-11-27,32.09,32.259998,31.370001,31.73,924900,31.73
2007-11-28,32.040001,32.52,31.620001,32.5,559000,32.5
2007-11-29,32.43,32.990002,32.169998,32.5,1185600,32.5
2007-11-30,32.77,33.130001,32.040001,32.389999,958100,32.389999
2007-12-03,32.32,32.68,31.799999,31.9,670800,31.9
2007-12-04,32.009998,32.150002,31.620001,31.77,679000,31.77
2007-12-05,32.029999,32.630001,31.93,32.110001,1231500,32.110001
2007-12-06,32.130001,32.900002,31.99,32.830002,1032900,32.830002
2007-12-07,33.02,34.610001,33.0,34.299999,1899700,34.299999
2007-12-10,34.02,34.610001,33.919998,34.080002,767000,34.080002
2007-12-11,34.23,34.720001,33.669998,33.709999,1189400,33.709999
2007-12-12,34.41,34.990002,33.119999,33.610001,1170900,33.610001
2007-12-13,33.5,33.599998,32.720001,33.150002,998000,33.150002
2007-12-14,32.959999,33.189999,32.41,32.560001,561200,32.560001
2007-12-17,32.43,32.740002,31.75,31.84,671000,31.84
2007-12-18,32.07,32.34,31.52,32.240002,929800,32.240002
2007-12-19,32.099998,32.73,32.099998,32.400002,1207600,32.400002
2007-12-20,32.529999,33.139999,32.25,33.049999,816900,33.049999
2007-12-21,34.0,34.360001,33.400002,34.029999,1370900,34.029999
2007-12-24,34.110001,34.400002,33.66,34.25,163700,34.25
2007-12-26,34.049999,34.43,33.669998,33.98,295600,33.98
2007-12-27,34.049999,34.139999,33.389999,33.52,315200,33.52
2007-12-28,33.66,34.060001,33.18,33.25,469100,33.25
2007-12-31,33.27,33.849998,33.0,33.25,704600,33.25
2008-01-02,33.18,33.689999,32.77,32.849998,1107900,32.849998
2008-01-03,32.84,33.09,32.439999,32.549999,590600,32.549999
2008-01-04,32.209999,32.279999,31.48,31.530001,851800,31.530001
2008-01-07,31.610001,32.16,31.049999,31.459999,806200,31.459999
2008-01-08,31.4,31.719999,30.280001,30.360001,953200,30.360001
2008-01-09,30.299999,30.42,29.26,30.040001,1573600,30.040001
2008-01-10,29.76,31.0,29.51,30.65,1831100,30.65
2008-01-11,30.6,30.75,29.950001,30.190001,1323800,30.190001
2008-01-14,30.459999,31.030001,30.280001,30.559999,969700,30.559999
2008-01-15,30.35,30.42,28.15,28.15,1693200,28.15
2008-01-16,20.65,20.91,15.87,19.450001,26538400,19.450001
2008-01-17,19.0,19.25,18.200001,18.26,4347000,18.26
2008-01-18,18.280001,18.65,17.719999,17.91,2555400,17.91
2008-01-22,17.209999,17.99,17.0,17.27,3538600,17.27
2008-01-23,17.049999,18.780001,17.030001,18.610001,2496300,18.610001
2008-01-24,18.6,19.549999,18.379999,19.4,2870600,19.4
2008-01-25,19.49,19.6,19.209999,19.25,1898200,19.25
2008-01-28,19.16,20.01,19.139999,20.01,1398300,20.01
2008-01-29,20.110001,20.719999,20.110001,20.610001,1562200,20.610001
2008-01-30,20.93,22.5,20.85,22.24,4177500,22.24
2008-01-31,21.870001,24.24,21.610001,23.799999,3554000,23.799999
2008-02-01,23.940001,24.9,23.4,23.93,2443600,23.93
2008-02-04,21.68,23.469999,21.68,22.91,2307500,22.91
2008-02-05,23.030001,23.290001,22.049999,22.049999,1311500,22.049999
2008-02-06,22.5,23.27,22.059999,22.139999,2136200,22.139999
2008-02-07,22.049999,22.969999,22.049999,22.51,1288800,22.51
2008-02-08,22.41,23.450001,22.33,22.85,1046100,22.85
2008-02-11,22.92,23.25,22.610001,23.07,1114700,23.07
2008-02-12,23.139999,24.08,23.02,23.33,1181100,23.33
2008-02-13,23.48,23.620001,23.120001,23.450001,675200,23.450001
2008-02-14,23.530001,23.59,22.290001,22.379999,994100,22.379999
2008-02-15,22.25,22.280001,21.530001,21.99,940600,21.99
2008-02-19,22.26,22.309999,21.51,21.639999,1055800,21.639999
2008-02-20,21.530001,21.940001,21.48,21.940001,923900,21.940001
2008-02-21,21.99,22.1,21.32,21.49,715900,21.49
2008-02-22,21.6,21.6,20.889999,21.0,1187200,21.0
2008-02-25,21.139999,21.549999,20.99,21.41,2564000,21.41
2008-02-26,21.290001,21.549999,21.01,21.07,1481100,21.07
2008-02-27,20.98,21.280001,20.35,20.49,2070300,20.49
2008-02-28,20.35,20.67,19.41,19.639999,2544200,19.639999
2008-02-29,20.5,21.559999,20.16,20.67,4600400,20.67
2008-03-03,20.559999,20.66,19.280001,19.4,2434600,19.4
2008-03-04,19.32,19.790001,18.559999,18.74,2288200,18.74
2008-03-05,18.76,19.110001,18.51,18.98,1608100,18.98
2008-03-06,18.84,19.02,17.809999,17.84,1419500,17.84
2008-03-07,17.700001,18.110001,17.65,17.85,1537200,17.85
2008-03-10,17.84,18.01,17.280001,17.299999,1175500,17.299999
2008-03-11,17.67,18.059999,17.030001,18.0,2188100,18.0
2008-03-12,18.02,18.790001,17.83,18.280001,2323600,18.280001
2008-03-13,18.09,18.860001,18.09,18.77,2183300,18.77
2008-03-14,18.940001,18.940001,17.870001,18.049999,2025800,18.049999
2008-03-17,17.629999,18.280001,17.629999,18.02,1595800,18.02
2008-03-18,18.23,19.120001,17.99,19.040001,1916900,19.040001
2008-03-19,19.18,19.76,18.639999,18.65,1733800,18.65
2008-03-20,18.610001,19.83,18.610001,19.780001,1437700,19.780001
2008-03-24,19.85,21.110001,19.85,20.969999,1342300,20.969999
2008-03-25,21.059999,22.139999,21.059999,21.98,1608700,21.98
2008-03-26,21.93,21.959999,21.25,21.75,1222100,21.75
2008-03-27,21.77,21.9,20.889999,20.969999,1420700,20.969999
2008-03-28,21.040001,21.200001,20.24,20.33,738800,20.33
2008-03-31,20.1,21.16,19.93,21.110001,1333300,21.110001
2008-04-01,21.440001,23.67,21.280001,23.5,2941300,23.5
2008-04-02,23.549999,24.15,23.110001,23.549999,2350000,23.549999
2008-04-03,23.34,23.85,22.99,23.67,933700,23.67
2008-04-04,23.91,24.24,23.620001,23.969999,1296100,23.969999
2008-04-07,24.139999,24.200001,23.68,23.719999,894700,23.719999
2008-04-08,23.530001,24.530001,23.52,24.42,1168500,24.42
2008-04-09,24.5,24.870001,24.32,24.77,1605200,24.77
2008-04-10,24.67,27.700001,24.530001,27.459999,4581200,27.459999
2008-04-11,26.92,27.120001,26.190001,26.440001,1628400,26.440001
2008-04-14,26.25,26.309999,25.059999,25.35,1942300,25.35
2008-04-15,25.469999,25.48,24.77,25.209999,1671800,25.209999
2008-04-16,25.450001,25.92,25.219999,25.870001,903800,25.870001
2008-04-17,25.540001,25.870001,24.76,25.190001,1171600,25.190001
2008-04-18,25.610001,25.690001,24.370001,24.59,2425000,24.59
2008-04-21,22.75,24.190001,22.700001,24.1,2468400,24.1
2008-04-22,24.1,24.540001,23.719999,24.17,1445500,24.17
2008-04-23,24.209999,24.549999,23.98,24.389999,977900,24.389999
2008-04-24,24.360001,25.07,23.870001,24.940001,1111300,24.940001
2008-04-25,24.950001,27.700001,24.540001,27.57,3330000,27.57
2008-04-28,27.299999,27.68,26.450001,26.74,2783100,26.74
2008-04-29,26.870001,27.98,26.459999,27.92,1435200,27.92
2008-04-30,27.559999,28.52,27.4,28.16,1501200,28.16
2008-05-01,28.41,28.709999,27.9,28.700001,1896600,28.700001
2008-05-02,28.82,28.82,27.629999,28.23,2277800,28.23
2008-05-05,28.280001,28.280001,26.83,27.219999,1413300,27.219999
2008-05-06,27.18,27.77,26.860001,27.719999,1132200,27.719999
2008-05-07,27.82,28.07,26.950001,27.030001,944300,27.030001
2008-05-08,27.190001,27.58,26.540001,27.559999,2064600,27.559999
2008-05-09,27.700001,30.25,27.6,29.620001,4253100,29.620001
2008-05-12,29.59,30.16,29.59,30.1,1842200,30.1
2008-05-13,30.25,30.35,29.58,30.08,1353000,30.08
2008-05-14,30.389999,31.370001,30.24,30.75,1867100,30.75
2008-05-15,30.559999,32.040001,30.34,32.02,1564900,32.02
2008-05-16,32.09,32.110001,31.5,31.940001,1195800,31.940001
2008-05-19,32.040001,32.41,31.17,31.360001,734500,31.360001
2008-05-20,31.280001,31.68,30.92,31.469999,1232900,31.469999
2008-05-21,31.57,31.57,30.030001,30.23,1200800,30.23
2008-05-22,30.4,30.610001,30.0,30.17,960400,30.17
2008-05-23,29.950001,30.389999,29.66,29.75,711300,29.75
2008-05-27,29.879999,30.41,29.690001,30.209999,739100,30.209999
2008-05-28,30.52,31.940001,30.01,31.83,1412400,31.83
2008-05-29,31.9,32.720001,31.35,32.52,779800,32.52
2008-05-30,32.639999,32.84,31.879999,32.330002,930000,32.330002
2008-06-02,32.310001,32.490002,31.82,32.080002,699300,32.080002
2008-06-03,32.23,32.810001,31.85,32.389999,913300,32.389999
2008-06-04,32.169998,33.400002,32.16,33.0,1369800,33.0
2008-06-05,33.07,34.310001,33.02,34.310001,1044500,34.310001
2008-06-06,33.919998,34.200001,33.360001,33.669998,1180500,33.669998
2008-06-09,33.939999,33.959999,33.349998,33.75,1513800,33.75
2008-06-10,33.400002,33.709999,33.040001,33.43,1126900,33.43
2008-06-11,33.470001,33.830002,31.48,31.49,2109000,31.49
2008-06-12,32.09,32.5,31.709999,32.150002,1213900,32.150002
2008-06-13,32.450001,32.93,32.099998,32.799999,749000,32.799999
2008-06-16,32.619999,33.810001,32.52,33.459999,757800,33.459999
2008-06-17,33.630001,33.66,32.459999,32.490002,1485900,32.490002
2008-06-18,32.209999,32.509998,31.65,31.76,1254100,31.76
2008-06-19,31.959999,32.720001,31.57,32.619999,1370200,32.619999
2008-06-20,34.200001,34.200001,32.950001,33.25,2986100,33.25
2008-06-23,33.380001,33.380001,32.259998,32.380001,902700,32.380001
2008-06-24,32.360001,32.57,31.74,32.110001,1421800,32.110001
2008-06-25,31.790001,32.700001,31.790001,32.139999,1377000,32.139999
2008-06-26,31.68,31.950001,30.530001,30.709999,1308600,30.709999
2008-06-27,30.57,31.049999,30.120001,30.4,876100,30.4
2008-06-30,30.27,30.66,29.49,29.620001,1076700,29.620001
2008-07-01,29.59,29.59,28.26,29.440001,1997100,29.440001
2008-07-02,29.639999,30.120001,28.83,28.889999,1464700,28.889999
2008-07-03,28.9,29.200001,27.940001,28.620001,753700,28.620001
2008-07-07,28.540001,28.889999,27.5,27.77,1246900,27.77
2008-07-08,27.690001,28.469999,27.209999,28.41,2059300,28.41
2008-07-09,28.58,28.690001,27.41,27.620001,1023800,27.620001
2008-07-10,27.690001,27.91,26.77,27.309999,1233000,27.309999
2008-07-11,27.040001,29.129999,26.34,28.91,2416300,28.91
2008-07-14,29.18,29.35,27.639999,27.82,1499900,27.82
2008-07-15,27.530001,28.120001,26.65,27.379999,1286000,27.379999
2008-07-16,27.41,28.77,26.92,28.73,1195200,28.73
2008-07-17,28.889999,30.32,28.18,29.9,1401400,29.9
2008-07-18,29.99,30.34,29.200001,29.74,861700,29.74
2008-07-21,29.889999,30.290001,29.5,29.76,933100,29.76
2008-07-22,29.639999,30.299999,29.16,30.190001,2896400,30.190001
2008-07-23,30.15,30.799999,29.809999,30.309999,2130600,30.309999
2008-07-24,30.700001,30.870001,29.51,29.58,1588000,29.58
2008-07-25,29.889999,30.35,29.370001,29.530001,688300,29.530001
2008-07-28,29.559999,29.879999,28.860001,29.0,727900,29.0
2008-07-29,29.01,30.17,29.0,29.889999,1052800,29.889999
2008-07-30,29.780001,30.41,29.309999,29.75,1095700,29.75
2008-07-31,29.75,31.09,29.540001,30.34,1674800,30.34
2008-08-01,32.200001,32.889999,31.25,31.549999,3624200,31.549999
2008-08-04,31.459999,31.5,30.1,30.629999,1321400,30.629999
2008-08-05,31.07,31.82,30.719999,31.6,1440700,31.6
2008-08-06,31.35,31.76,30.700001,31.15,1262700,31.15
2008-08-07,31.17,31.17,30.459999,30.57,999300,30.57
2008-08-08,30.48,31.969999,30.48,31.799999,860100,31.799999
2008-08-11,31.690001,32.389999,31.25,32.259998,913100,32.259998
2008-08-12,32.189999,32.68,31.709999,31.85,1086900,31.85
2008-08-13,31.700001,31.809999,30.83,31.190001,1056900,31.190001
2008-08-14,30.879999,32.119999,30.809999,31.77,799500,31.77
2008-08-15,31.950001,32.189999,31.66,32.029999,716700,32.029999
2008-08-18,32.099998,32.299999,31.209999,31.5,1249800,31.5
2008-08-19,31.24,31.66,30.879999,31.0,919400,31.0
2008-08-20,31.07,31.200001,30.200001,30.41,1068600,30.41
2008-08-21,30.24,30.790001,30.15,30.440001,586400,30.440001
2008-08-22,30.67,31.440001,30.67,31.299999,755300,31.299999
2008-08-25,31.16,31.18,29.82,30.26,783400,30.26
2008-08-26,30.24,31.110001,30.030001,30.77,779500,30.77
2008-08-27,30.860001,31.309999,30.469999,30.77,460100,30.77
2008-08-28,30.92,31.24,30.58,31.07,655900,31.07
2008-08-29,30.799999,31.190001,30.02,30.110001,834800,30.110001
2008-09-02,30.67,31.34,30.049999,30.809999,1179100,30.809999
2008-09-03,30.82,31.040001,30.4,30.43,1159200,30.43
2008-09-04,30.27,30.299999,28.6,28.77,1253600,28.77
2008-09-05,28.549999,28.92,27.75,28.639999,1466500,28.639999
2008-09-08,29.91,29.91,27.59,27.84,2152500,27.84
2008-09-09,27.709999,27.969999,26.190001,26.360001,2809500,26.360001
2008-09-10,26.52,26.85,26.059999,26.120001,1718500,26.120001
2008-09-11,25.969999,27.040001,25.610001,26.73,2759300,26.73
2008-09-12,26.540001,27.01,26.139999,26.719999,1775900,26.719999
2008-09-15,25.73,26.51,24.799999,24.959999,1561700,24.959999
2008-09-16,24.76,25.450001,23.440001,24.07,3308600,24.07
2008-09-17,23.809999,24.459999,21.780001,22.24,3352300,22.24
2008-09-18,22.24,23.129999,20.190001,21.76,3898600,21.76
2008-09-19,23.440001,26.16,23.34,24.5,4204300,24.5
2008-09-22,24.440001,25.16,23.139999,23.629999,2434100,23.629999
2008-09-23,23.67,24.049999,22.68,22.85,1431100,22.85
2008-09-24,22.99,23.26,22.459999,22.790001,947800,22.790001
2008-09-25,23.0,23.98,22.790001,23.1,1562500,23.1
2008-09-26,22.700001,23.41,22.42,23.379999,1174400,23.379999
2008-09-29,22.9,23.6,21.41,21.9,1471400,21.9
2008-09-30,21.309999,23.190001,21.309999,23.02,1163400,23.02
2008-10-01,22.809999,23.17,22.290001,22.559999,918900,22.559999
2008-10-02,22.4,22.5,20.17,20.42,1720300,20.42
2008-10-03,20.549999,20.77,19.299999,19.33,996700,19.33
2008-10-06,19.030001,19.32,17.030001,17.950001,1994500,17.950001
2008-10-07,18.280001,18.299999,16.629999,16.65,1985700,16.65
2008-10-08,16.18,17.73,16.07,16.6,1704600,16.6
2008-10-09,16.67,17.389999,16.15,16.43,1714200,16.43
2008-10-10,15.76,18.6,15.5,18.360001,2554300,18.360001
2008-10-13,19.33,19.33,17.389999,18.65,1090800,18.65
2008-10-14,19.139999,19.32,17.610001,17.809999,928900,17.809999
2008-10-15,17.5,17.559999,15.75,16.0,1578500,16.0
2008-10-16,15.76,17.43,15.5,17.09,1826400,17.09
2008-10-17,17.09,18.1,16.440001,17.360001,959600,17.360001
2008-10-20,17.92,19.0,17.76,18.549999,1500900,18.549999
2008-10-21,18.110001,19.059999,17.719999,17.82,1380000,17.82
2008-10-22,17.67,17.790001,16.68,17.059999,1080200,17.059999
2008-10-23,17.15,17.16,15.74,16.41,2617800,16.41
2008-10-24,15.11,15.69,14.66,15.01,3454900,15.01
2008-10-27,14.77,15.51,14.0,14.04,1751300,14.04
2008-10-28,14.41,14.75,13.13,14.71,1954000,14.71
2008-10-29,14.71,17.83,14.36,16.969999,1793300,16.969999
2008-10-30,17.110001,17.950001,16.379999,16.66,925200,16.66
2008-10-31,16.6,18.35,16.360001,18.0,2287100,18.0
2008-11-03,18.0,18.280001,17.49,18.030001,1249600,18.030001
2008-11-04,18.440001,19.059999,17.639999,19.02,962700,19.02
2008-11-05,18.719999,19.48,18.059999,18.219999,1049800,18.219999
2008-11-06,18.049999,18.790001,16.34,16.389999,1002900,16.389999
2008-11-07,16.860001,17.15,16.52,16.98,911100,16.98
2008-11-10,17.379999,17.379999,16.049999,16.200001,552100,16.200001
2008-11-11,15.96,16.450001,15.0,15.19,684000,15.19
2008-11-12,14.9,15.3,13.7,13.73,1368800,13.73
2008-11-13,13.85,15.37,13.17,15.35,1349800,15.35
2008-11-14,15.04,15.67,14.28,14.58,952900,14.58
2008-11-17,14.41,15.2,13.81,13.92,897200,13.92
2008-11-18,13.94,14.42,13.6,14.06,768900,14.06
2008-11-19,14.03,14.19,11.91,11.95,1260600,11.95
2008-11-20,11.95,12.9,11.26,11.38,1733600,11.38
2008-11-21,11.68,11.86,10.05,10.86,2297300,10.86
2008-11-24,10.95,12.8,10.95,12.54,1737700,12.54
2008-11-25,13.44,14.33,12.99,14.25,1655500,14.25
2008-11-26,13.96,15.77,13.77,15.64,1407300,15.64
2008-11-28,15.44,16.040001,14.64,15.01,584500,15.01
2008-12-01,14.52,14.95,14.02,14.23,1031100,14.23
2008-12-02,14.49,14.99,13.82,14.83,882900,14.83
2008-12-03,14.33,15.7,14.15,15.47,1058800,15.47
2008-12-04,15.05,15.99,14.02,14.38,740200,14.38
2008-12-05,14.11,14.87,13.92,14.7,1294000,14.7
2008-12-08,15.08,16.0,14.59,15.74,1000500,15.74
2008-12-09,15.6,16.290001,14.99,15.32,944000,15.32
2008-12-10,15.47,16.33,15.05,16.24,809500,16.24
2008-12-11,15.51,16.67,15.4,15.62,993000,15.62
2008-12-12,15.24,16.24,15.23,16.09,911400,16.09
2008-12-15,16.129999,16.43,14.76,15.13,629300,15.13
2008-12-16,15.34,16.74,15.34,16.57,895500,16.57
2008-12-17,16.25,17.5,16.25,17.42,1054700,17.42
2008-12-18,17.42,17.59,16.25,16.6,904000,16.6
2008-12-19,16.73,17.309999,16.66,16.9,1063000,16.9
2008-12-22,16.74,16.790001,15.75,16.290001,698900,16.290001
2008-12-23,15.85,16.530001,15.85,16.16,652700,16.16
2008-12-24,16.09,16.58,15.89,16.57,345600,16.57
2008-12-26,16.65,16.65,16.209999,16.58,231900,16.58
2008-12-29,16.51,16.709999,16.08,16.389999,612800,16.389999
2008-12-30,16.48,17.41,16.120001,17.32,733600,17.32
2008-12-31,17.280001,17.76,17.219999,17.540001,539300,17.540001
2009-01-02,17.549999,18.969999,17.41,18.870001,728500,18.870001
2009-01-05,18.790001,18.799999,18.030001,18.57,996700,18.57
2009-01-06,17.84,19.469999,17.82,18.93,907600,18.93
2009-01-07,18.6,18.809999,17.799999,18.129999,620300,18.129999
2009-01-08,16.969999,17.940001,16.309999,16.5,2219000,16.5
2009-01-09,16.440001,16.77,15.5,15.64,1543300,15.64
2009-01-12,15.72,15.83,14.59,14.81,904800,14.81
2009-01-13,14.67,14.67,13.91,14.07,2055000,14.07
2009-01-14,13.78,13.96,13.09,13.13,1326900,13.13
2009-01-15,13.05,13.62,12.51,13.25,2573900,13.25
2009-01-16,13.5,13.82,13.18,13.7,2506500,13.7
2009-01-20,14.05,14.1,12.73,12.79,1765600,12.79
2009-01-21,13.05,13.63,12.83,13.58,1217000,13.58
2009-01-22,13.06,13.7,12.97,13.35,937600,13.35
2009-01-23,13.0,13.92,12.84,13.46,996700,13.46
2009-01-26,13.42,14.13,13.34,14.01,1405500,14.01
2009-01-27,14.0,14.49,13.5,13.58,1189300,13.58
2009-01-28,13.73,14.45,13.65,14.25,1251200,14.25
2009-01-29,13.98,14.02,13.33,13.39,813800,13.39
2009-01-30,13.44,13.56,12.43,12.57,1067100,12.57
2009-02-02,13.01,14.03,12.96,13.91,1748000,13.91
2009-02-03,13.89,14.0,13.47,13.83,861300,13.83
2009-02-04,13.88,14.0,13.4,13.46,1242500,13.46
2009-02-05,13.42,14.06,13.24,13.84,988700,13.84
2009-02-06,13.87,15.17,13.73,14.93,1304200,14.93
2009-02-09,14.96,15.14,14.28,14.53,879400,14.53
2009-02-10,14.35,14.56,13.41,13.5,986800,13.5
2009-02-11,13.45,13.83,12.94,13.31,1145600,13.31
2009-02-12,13.06,13.58,12.9,13.54,744500,13.54
2009-02-13,13.55,13.81,13.28,13.44,603800,13.44
2009-02-17,13.07,13.15,12.58,12.68,776600,12.68
2009-02-18,12.79,12.94,12.26,12.51,704200,12.51
2009-02-19,12.63,12.85,12.25,12.29,628800,12.29
2009-02-20,12.2,12.62,11.8,12.48,963900,12.48
2009-02-23,12.56,12.68,12.02,12.08,1091400,12.08
2009-02-24,12.18,13.05,12.12,12.81,1114200,12.81
2009-02-25,12.7,13.36,12.45,13.0,1341600,13.0
2009-02-26,13.13,13.44,12.68,12.79,704400,12.79
2009-02-27,12.4,12.4,10.38,10.58,4269000,10.58
2009-03-02,10.9,10.99,10.14,10.26,2171900,10.26
2009-03-03,10.51,10.8,10.2,10.47,2419600,10.47
2009-03-04,10.6,11.25,10.41,10.93,2374000,10.93
2009-03-05,10.72,11.52,10.72,11.35,1729200,11.35
2009-03-06,11.44,11.61,10.58,10.89,1535700,10.89
2009-03-09,10.7,11.36,10.58,10.85,1080600,10.85
2009-03-10,11.18,12.93,11.14,12.35,2666500,12.35
2009-03-11,12.39,12.79,12.15,12.28,1231200,12.28
2009-03-12,12.29,13.06,11.82,13.01,1720700,13.01
2009-03-13,13.07,14.05,13.05,14.01,1644600,14.01
2009-03-16,14.07,14.07,13.3,13.42,1461100,13.42
2009-03-17,13.5,14.63,13.47,14.52,1566300,14.52
2009-03-18,14.37,14.68,13.95,14.4,1820700,14.4
2009-03-19,14.61,14.99,14.48,14.75,907300,14.75
2009-03-20,14.82,14.86,13.69,13.93,712900,13.93
2009-03-23,14.3,15.11,14.13,15.11,1009800,15.11
2009-03-24,15.0,15.0,14.07,14.1,1278400,14.1
2009-03-25,14.1,14.16,12.59,13.07,1826700,13.07
2009-03-26,13.12,14.02,13.1,13.8,1516300,13.8
2009-03-27,13.55,13.8,13.11,13.2,981400,13.2
2009-03-30,13.01,13.3,12.06,12.23,1322100,12.23
2009-03-31,12.4,12.75,12.07,12.11,1298000,12.11
2009-04-01,11.86,12.64,11.77,12.61,1026100,12.61
2009-04-02,12.87,14.28,12.87,13.87,1527700,13.87
2009-04-03,13.92,14.88,13.77,14.88,1542800,14.88
2009-04-06,14.78,14.8,14.18,14.29,959100,14.29
2009-04-07,13.99,13.99,13.33,13.4,659900,13.4
2009-04-08,13.56,13.85,13.44,13.68,737900,13.68
2009-04-09,14.29,15.0,13.78,14.96,1215400,14.96
2009-04-13,14.74,15.41,14.43,15.27,1164900,15.27
2009-04-14,15.2,15.41,14.64,14.9,781200,14.9
2009-04-15,14.73,15.12,14.46,14.82,556700,14.82
2009-04-16,15.03,16.059999,14.84,15.9,1384300,15.9
2009-04-17,15.88,15.88,15.22,15.51,1323600,15.51
2009-04-20,15.14,15.46,14.54,14.6,822400,14.6
2009-04-21,14.61,15.15,14.37,14.78,1121100,14.78
2009-04-22,14.53,15.27,14.45,14.9,1354200,14.9
2009-04-23,14.98,15.49,14.64,15.4,1540600,15.4
2009-04-24,15.51,16.290001,15.4,16.16,1200600,16.16
2009-04-27,15.83,16.43,15.56,16.17,1516900,16.17
2009-04-28,15.92,16.690001,15.62,16.389999,1291500,16.389999
2009-04-29,16.469999,17.309999,16.43,17.18,1183000,17.18
2009-04-30,17.34,18.299999,17.299999,17.49,1374200,17.49
2009-05-01,17.42,17.459999,16.73,17.0,901000,17.0
2009-05-04,17.129999,17.84,17.02,17.82,1033000,17.82
2009-05-05,17.66,18.08,17.530001,17.700001,1090400,17.700001
2009-05-06,17.98,18.32,16.83,17.34,1343800,17.34
2009-05-07,17.629999,18.129999,15.89,16.41,1505500,16.41
2009-05-08,17.959999,20.16,17.26,19.09,2895600,19.09
2009-05-11,18.9,20.1,18.459999,19.889999,1831800,19.889999
2009-05-12,19.860001,19.860001,18.360001,18.58,1683700,18.58
2009-05-13,18.41,18.450001,17.02,17.08,1485600,17.08
2009-05-14,17.27,17.6,16.870001,17.299999,975000,17.299999
2009-05-15,17.25,17.76,16.9,17.01,884200,17.01
2009-05-18,17.129999,18.620001,17.129999,18.559999,1017700,18.559999
2009-05-19,18.280001,18.33,17.82,17.870001,1226300,17.870001
2009-05-20,18.059999,18.25,17.700001,17.950001,1064300,17.950001
2009-05-21,17.719999,17.799999,16.799999,17.0,965900,17.0
2009-05-22,17.16,17.280001,16.620001,16.709999,564700,16.709999
2009-05-26,16.66,17.870001,16.639999,17.700001,623300,17.700001
2009-05-27,17.65,18.26,17.41,17.43,611200,17.43
2009-05-28,17.559999,17.67,16.950001,17.450001,392000,17.450001
2009-05-29,17.57,17.969999,17.209999,17.83,543500,17.83
2009-06-01,17.950001,19.07,17.91,18.93,1267300,18.93
2009-06-02,18.66,19.34,18.610001,19.120001,884400,19.120001
2009-06-03,18.889999,19.25,18.690001,19.040001,526600,19.040001
2009-06-04,19.0,19.35,18.76,19.280001,577000,19.280001
2009-06-05,19.469999,19.73,18.969999,19.07,695900,19.07
2009-06-08,19.01,19.049999,18.459999,18.9,466300,18.9
2009-06-09,18.99,19.08,18.790001,18.99,674800,18.99
2009-06-10,19.1,19.1,18.35,18.719999,717700,18.719999
2009-06-11,18.85,19.16,18.73,19.059999,725100,19.059999
2009-06-12,18.92,19.18,18.6,19.15,748100,19.15
2009-06-15,18.879999,18.98,17.700001,18.09,804400,18.09
2009-06-16,18.17,18.870001,17.84,18.09,724700,18.09
2009-06-17,18.120001,18.450001,17.379999,18.15,669200,18.15
2009-06-18,18.110001,18.16,17.690001,17.91,356500,17.91
2009-06-19,18.129999,18.209999,17.440001,17.59,933400,17.59
2009-06-22,17.360001,17.5,16.549999,16.629999,810000,16.629999
2009-06-23,16.65,16.879999,16.370001,16.469999,928700,16.469999
2009-06-24,16.629999,17.030001,16.360001,16.5,662300,16.5
2009-06-25,16.370001,16.950001,16.35,16.780001,820500,16.780001
2009-06-26,16.719999,16.940001,16.059999,16.219999,1712700,16.219999
2009-06-29,16.35,16.639999,16.15,16.370001,1208200,16.370001
2009-06-30,16.360001,16.549999,15.54,15.76,1311000,15.76
2009-07-01,16.01,16.200001,15.8,15.86,823100,15.86
2009-07-02,15.55,15.59,14.73,14.74,841900,14.74
2009-07-06,14.56,14.72,13.95,14.19,871500,14.19
2009-07-07,14.17,14.3,13.64,13.73,736000,13.73
2009-07-08,13.75,13.88,13.3,13.51,983700,13.51
2009-07-09,13.6,14.25,13.46,13.82,989600,13.82
2009-07-10,13.75,14.23,13.68,14.15,1342000,14.15
2009-07-13,14.73,15.32,14.72,15.31,2354800,15.31
2009-07-14,15.25,15.65,15.15,15.62,979900,15.62
2009-07-15,15.83,16.17,15.83,15.92,701500,15.92
2009-07-16,15.41,15.41,14.62,15.15,2207500,15.15
2009-07-17,15.3,15.49,15.02,15.46,1062000,15.46
2009-07-20,15.46,15.97,15.3,15.48,952200,15.48
2009-07-21,15.51,15.52,14.92,15.33,820000,15.33
2009-07-22,15.3,15.59,15.13,15.38,1236000,15.38
2009-07-23,15.4,15.75,15.31,15.46,1044400,15.46
2009-07-24,15.28,15.72,15.1,15.68,634200,15.68
2009-07-27,15.54,15.86,15.34,15.69,569800,15.69
2009-07-28,15.6,15.78,15.47,15.68,620200,15.68
2009-07-29,15.5,15.95,15.36,15.75,738400,15.75
2009-07-30,15.92,16.57,15.8,16.209999,1139000,16.209999
2009-07-31,16.1,18.34,15.97,18.02,2047800,18.02
2009-08-03,18.07,18.299999,17.76,18.129999,1356300,18.129999
2009-08-04,17.950001,18.59,17.9,18.370001,685900,18.370001
2009-08-05,18.35,18.42,17.74,18.18,710600,18.18
2009-08-06,18.209999,18.48,17.76,18.059999,656500,18.059999
2009-08-07,18.32,18.790001,17.969999,18.610001,488700,18.610001
2009-08-10,18.459999,18.809999,18.01,18.030001,802000,18.030001
2009-08-11,17.99,18.1,17.540001,17.639999,449400,17.639999
2009-08-12,17.700001,18.200001,17.700001,17.92,489700,17.92
2009-08-13,17.950001,18.08,17.6,18.049999,655800,18.049999
2009-08-14,18.07,18.219999,17.459999,17.74,447100,17.74
2009-08-17,17.4,17.5,16.82,16.98,370100,16.98
2009-08-18,17.120001,17.33,16.879999,17.09,418100,17.09
2009-08-19,16.91,16.950001,16.18,16.440001,1196700,16.440001
2009-08-20,16.459999,16.709999,16.120001,16.24,1053600,16.24
2009-08-21,16.200001,16.309999,15.77,15.89,2403000,15.89
2009-08-24,16.02,16.15,15.65,15.75,930500,15.75
2009-08-25,15.96,16.0,15.54,15.73,922800,15.73
2009-08-26,15.75,15.85,15.37,15.72,759300,15.72
2009-08-27,15.79,15.88,15.23,15.75,827000,15.75
2009-08-28,15.86,16.030001,15.58,15.65,1641600,15.65
2009-08-31,15.45,15.58,15.35,15.42,700400,15.42
2009-09-01,15.4,15.92,14.93,14.97,804800,14.97
2009-09-02,14.9,14.94,14.51,14.74,734300,14.74
2009-09-03,14.79,14.87,14.56,14.82,545600,14.82
2009-09-04,14.85,15.22,14.56,15.15,373900,15.15
2009-09-08,15.25,15.6,15.16,15.27,1039300,15.27
2009-09-09,15.21,15.84,15.02,15.6,1297500,15.6
2009-09-10,15.51,15.69,15.38,15.46,1241400,15.46
2009-09-11,15.61,16.030001,15.59,15.91,1423600,15.91
2009-09-14,15.61,15.82,15.47,15.82,551600,15.82
2009-09-15,15.76,16.049999,15.49,15.82,411500,15.82
2009-09-16,15.91,16.42,15.63,16.219999,639400,16.219999
2009-09-17,16.23,16.73,16.040001,16.129999,567900,16.129999
2009-09-18,16.190001,16.219999,16.0,16.0,890000,16.0
2009-09-21,15.95,16.07,15.82,15.95,573800,15.95
2009-09-22,16.01,16.24,15.89,16.08,760800,16.08
2009-09-23,16.040001,16.52,15.97,16.280001,1241600,16.280001
2009-09-24,16.299999,16.639999,16.01,16.290001,1320500,16.290001
2009-09-25,16.27,16.440001,16.030001,16.17,775100,16.17
2009-09-28,16.26,16.469999,16.059999,16.23,448700,16.23
2009-09-29,16.23,16.4,16.02,16.030001,856500,16.030001
2009-09-30,16.08,16.18,15.7,15.83,997300,15.83
2009-10-01,15.79,15.88,15.11,15.11,865100,15.11
2009-10-02,14.99,15.09,14.7,14.73,1110000,14.73
2009-10-05,14.75,15.3,14.73,15.23,936200,15.23
2009-10-06,15.37,15.91,15.28,15.88,1343500,15.88
2009-10-07,15.78,16.09,15.6,15.98,807300,15.98
2009-10-08,16.0,16.49,15.81,16.25,944400,16.25
2009-10-09,16.190001,16.690001,16.110001,16.66,1524300,16.66
2009-10-12,16.65,17.07,16.469999,16.76,1103700,16.76
2009-10-13,16.66,17.219999,16.66,17.16,1188700,17.16
2009-10-14,17.389999,19.290001,17.370001,19.08,3995400,19.08
2009-10-15,18.9,19.26,18.76,19.15,1027500,19.15
2009-10-16,18.23,18.41,17.65,18.040001,2349000,18.040001
2009-10-19,18.120001,18.530001,17.77,18.129999,748600,18.129999
2009-10-20,18.219999,18.219999,17.6,17.68,680900,17.68
2009-10-21,17.58,18.059999,17.389999,17.389999,831300,17.389999
2009-10-22,17.43,18.0,17.02,17.9,648900,17.9
2009-10-23,18.02,18.360001,17.68,17.780001,944400,17.780001
2009-10-26,17.84,18.58,17.52,17.700001,855000,17.700001
2009-10-27,15.3,15.5,12.86,13.85,9346500,13.85
2009-10-28,13.74,13.96,12.78,12.98,3391800,12.98
2009-10-29,13.16,13.61,13.02,13.6,2588800,13.6
2009-10-30,13.79,14.3,13.46,14.07,3635200,14.07
2009-11-02,14.25,14.52,13.83,14.45,2485600,14.45
2009-11-03,14.29,14.77,14.05,14.69,1379700,14.69
2009-11-04,14.86,15.12,14.7,14.78,1538100,14.78
2009-11-05,15.05,15.2,14.73,15.09,1746700,15.09
2009-11-06,14.93,15.15,14.74,14.98,1097200,14.98
2009-11-09,15.07,15.63,14.84,15.59,815800,15.59
2009-11-10,15.57,15.84,15.34,15.74,1022700,15.74
2009-11-11,15.84,16.190001,15.75,16.120001,942600,16.120001
2009-11-12,16.030001,16.41,15.82,15.9,727600,15.9
2009-11-13,16.02,16.200001,15.8,16.030001,561900,16.030001
2009-11-16,16.15,16.18,15.95,15.98,1102600,15.98
2009-11-17,15.94,16.110001,15.62,15.98,891200,15.98
2009-11-18,15.92,15.95,15.43,15.52,966500,15.52
2009-11-19,15.39,15.44,14.71,15.01,1046900,15.01
2009-11-20,14.84,14.84,14.15,14.64,2988900,14.64
2009-11-23,14.75,15.14,14.29,14.55,1374900,14.55
2009-11-24,14.51,14.57,14.24,14.35,432300,14.35
2009-11-25,14.36,14.55,14.21,14.48,487500,14.48
2009-11-27,14.1,14.48,14.01,14.23,301600,14.23
2009-11-30,14.17,14.26,13.9,14.15,939600,14.15
2009-12-01,14.29,14.39,14.09,14.27,426300,14.27
2009-12-02,14.25,14.42,14.15,14.29,610200,14.29
2009-12-03,14.39,14.45,14.16,14.2,687000,14.2
2009-12-04,14.43,14.81,14.13,14.44,505000,14.44
2009-12-07,14.44,14.59,14.25,14.26,399300,14.26
2009-12-08,14.09,14.35,13.95,14.13,640400,14.13
2009-12-09,14.07,14.29,13.76,13.99,586100,13.99
2009-12-10,14.1,14.24,13.78,13.85,513800,13.85
2009-12-11,14.01,14.1,13.9,13.97,335000,13.97
2009-12-14,14.09,14.15,13.88,14.07,609400,14.07
2009-12-15,13.93,14.24,13.9,14.08,441300,14.08
2009-12-16,14.25,14.51,14.16,14.25,332800,14.25
2009-12-17,14.15,14.25,13.82,14.04,477500,14.04
2009-12-18,14.15,14.34,14.09,14.33,914600,14.33
2009-12-21,14.43,14.64,14.33,14.51,392700,14.51
2009-12-22,14.51,14.55,14.22,14.3,508000,14.3
2009-12-23,14.28,14.5,14.16,14.26,650900,14.26
2009-12-24,14.28,14.4,14.2,14.31,95700,14.31
2009-12-28,14.42,14.5,14.15,14.43,294000,14.43
2009-12-29,14.49,14.56,14.27,14.51,337000,14.51
2009-12-30,14.4,14.71,14.35,14.54,347900,14.54
2009-12-31,14.58,14.9,14.55,14.55,458900,14.55
2010-01-04,14.65,14.9,14.5,14.83,443900,14.83
2010-01-05,14.83,15.24,14.8,15.16,674300,15.16
2010-01-06,15.09,15.42,15.07,15.29,641400,15.29
2010-01-07,15.21,15.41,15.09,15.24,755200,15.24
2010-01-08,15.18,15.41,15.11,15.35,469200,15.35
2010-01-11,15.35,15.35,15.12,15.34,692400,15.34
2010-01-12,15.26,15.29,15.0,15.15,538900,15.15
2010-01-13,15.28,15.38,14.88,15.22,556900,15.22
2010-01-14,15.22,15.38,15.17,15.32,555200,15.32
2010-01-15,15.42,15.67,15.15,15.25,548500,15.25
2010-01-19,15.32,15.92,15.32,15.88,964700,15.88
2010-01-20,15.55,15.96,15.3,15.45,915500,15.45
2010-01-21,15.67,16.77,15.65,15.82,1761900,15.82
2010-01-22,15.83,15.92,15.18,15.29,730700,15.29
2010-01-25,15.45,15.45,14.69,14.9,848500,14.9
2010-01-26,14.92,15.05,14.59,14.59,671600,14.59
2010-01-27,14.59,14.68,14.32,14.59,613400,14.59
2010-01-28,14.59,14.76,14.25,14.37,429000,14.37
2010-01-29,14.45,14.6,14.06,14.08,511400,14.08
2010-02-01,14.12,14.6,14.0,14.58,441400,14.58
2010-02-02,14.57,14.64,14.4,14.52,487000,14.52
2010-02-03,14.47,14.47,14.13,14.19,463500,14.19
2010-02-04,14.06,14.26,13.51,13.54,1187300,13.54
2010-02-05,13.48,13.72,13.22,13.71,977800,13.71
2010-02-08,13.77,14.02,13.64,13.71,555400,13.71
2010-02-09,13.88,14.16,13.66,14.12,752900,14.12
2010-02-10,14.07,14.32,14.01,14.21,476800,14.21
2010-02-11,14.14,14.65,14.11,14.64,4092200,14.64
2010-02-12,14.48,15.26,14.43,15.25,1504500,15.25
2010-02-16,15.35,15.61,15.13,15.48,520000,15.48
2010-02-17,15.57,15.64,15.29,15.53,451300,15.53
2010-02-18,15.5,15.61,15.29,15.54,751500,15.54
2010-02-19,15.52,15.93,15.36,15.86,529000,15.86
2010-02-22,15.94,15.96,15.79,15.91,625600,15.91
2010-02-23,15.96,15.99,15.5,15.87,624000,15.87
2010-02-24,15.91,16.17,15.71,16.16,1168700,16.16
2010-02-25,16.57,16.57,15.78,16.57,1414800,16.57
2010-02-26,16.540001,17.01,16.379999,16.889999,1385900,16.889999
2010-03-01,15.6,16.07,15.13,15.52,4416200,15.52
2010-03-02,15.48,16.389999,15.19,15.46,2153100,15.46
2010-03-03,15.36,15.36,14.16,14.42,2989100,14.42
2010-03-04,14.41,14.49,14.1,14.26,1517000,14.26
2010-03-05,14.32,14.81,14.22,14.59,1761000,14.59
2010-03-08,14.55,14.71,14.44,14.45,654800,14.45
2010-03-09,14.54,14.81,14.5,14.69,1168800,14.69
2010-03-10,14.69,14.83,14.57,14.69,893900,14.69
2010-03-11,14.6,14.68,14.41,14.66,625900,14.66
2010-03-12,14.01,14.68,14.01,14.66,612300,14.66
2010-03-15,14.66,14.66,14.43,14.55,1029300,14.55
2010-03-16,14.6,14.8,14.54,14.79,754600,14.79
2010-03-17,14.88,14.99,14.65,14.85,554600,14.85
2010-03-18,14.89,14.9,14.61,14.75,429000,14.75
2010-03-19,14.75,14.89,14.53,14.55,932600,14.55
2010-03-22,14.46,14.84,14.28,14.79,787400,14.79
2010-03-23,14.8,14.84,14.51,14.7,869700,14.7
2010-03-24,14.68,14.7,14.46,14.47,526800,14.47
2010-03-25,14.62,14.65,14.26,14.26,694200,14.26
2010-03-26,14.27,14.39,14.13,14.18,650500,14.18
2010-03-29,14.23,14.37,13.96,14.07,942400,14.07
2010-03-30,14.02,14.23,13.96,14.0,889000,14.0
2010-03-31,13.98,14.17,13.88,14.11,967300,14.11
2010-04-01,14.2,14.51,14.11,14.3,917500,14.3
2010-04-05,14.55,14.55,14.33,14.47,680100,14.47
2010-04-06,14.32,14.41,14.19,14.3,735900,14.3
2010-04-07,14.25,14.34,13.95,14.12,760100,14.12
2010-04-08,14.04,14.16,13.85,14.14,1988100,14.14
2010-04-09,14.14,14.41,14.01,14.35,1494300,14.35
2010-04-12,14.32,14.47,14.2,14.32,593700,14.32
2010-04-13,14.28,14.37,14.08,14.32,444200,14.32
2010-04-14,14.38,14.51,14.21,14.47,567400,14.47
2010-04-15,14.4,14.61,14.22,14.55,392600,14.55
2010-04-16,14.52,14.71,14.21,14.45,721800,14.45
2010-04-19,14.35,14.5,14.0,14.28,549800,14.28
2010-04-20,14.32,14.55,14.09,14.32,534100,14.32
2010-04-21,14.33,14.46,14.28,14.4,496000,14.4
2010-04-22,14.29,14.46,14.14,14.4,535600,14.4
2010-04-23,14.41,14.63,14.29,14.54,799000,14.54
2010-04-26,14.58,14.74,14.48,14.66,398500,14.66
2010-04-27,14.51,14.75,14.4,14.44,814100,14.44
2010-04-28,14.55,14.55,14.21,14.4,742300,14.4
2010-04-29,14.49,14.75,14.41,14.73,1591500,14.73
2010-04-30,14.73,15.09,14.62,14.71,1268500,14.71
2010-05-03,14.79,14.94,14.6,14.72,693300,14.72
2010-05-04,14.51,14.65,13.93,13.99,919200,13.99
2010-05-05,13.97,14.11,13.48,13.48,1013800,13.48
2010-05-06,13.41,13.96,11.93,13.56,1344200,13.56
2010-05-07,13.0,13.24,11.21,11.31,4533100,11.31
2010-05-10,11.85,12.04,11.34,11.55,2691700,11.55
2010-05-11,11.36,11.73,11.36,11.44,1934400,11.44
2010-05-12,11.43,11.5,11.21,11.37,1665100,11.37
2010-05-13,11.28,11.35,11.11,11.2,907000,11.2
2010-05-14,11.09,11.18,10.8,10.91,2024300,10.91
2010-05-17,10.99,11.03,10.53,10.72,1549300,10.72
2010-05-18,10.82,11.03,10.64,10.74,1099500,10.74
2010-05-19,10.65,10.73,10.29,10.39,1114800,10.39
2010-05-20,10.22,10.38,9.9,10.1,1882800,10.1
2010-05-21,9.94,10.48,9.93,10.31,1718800,10.31
2010-05-24,10.32,10.52,10.25,10.26,870600,10.26
2010-05-25,10.04,10.14,9.79,10.1,1445400,10.1
2010-05-26,10.12,10.36,10.06,10.13,1051800,10.13
2010-05-27,10.31,10.54,10.18,10.54,901200,10.54
2010-05-28,10.49,10.55,10.04,10.22,936800,10.22
2010-06-01,10.17,10.17,9.83,9.86,1009800,9.86
2010-06-02,9.89,10.31,9.65,10.31,1321700,10.31
2010-06-03,10.26,10.73,10.19,10.73,1373300,10.73
2010-06-04,10.83,11.17,10.65,10.74,1818800,10.74
2010-06-07,10.8,10.87,9.94,9.95,852900,9.95
2010-06-08,9.96,10.02,9.45,9.89,1344800,9.89
2010-06-09,10.0,10.09,9.66,9.78,815600,9.78
2010-06-10,9.93,10.07,9.74,10.06,531800,10.06
2010-06-11,10.03,10.56,10.03,10.39,932000,10.39
2010-06-14,10.51,10.66,10.28,10.35,691600,10.35
2010-06-15,10.47,10.72,10.32,10.68,389500,10.68
2010-06-16,10.54,10.6,10.28,10.45,385800,10.45
2010-06-17,10.45,10.56,10.17,10.31,434000,10.31
2010-06-18,10.38,10.43,10.1,10.26,461400,10.26
2010-06-21,10.4,10.4,10.06,10.11,459500,10.11
2010-06-22,10.17,10.57,10.17,10.24,708500,10.24
2010-06-23,10.26,10.29,10.05,10.23,453300,10.23
2010-06-24,10.16,10.47,10.02,10.24,955500,10.24
2010-06-25,10.24,10.46,9.95,10.45,8804900,10.45
2010-06-28,10.41,10.46,10.02,10.11,1491500,10.11
2010-06-29,9.94,9.94,9.41,9.46,1192800,9.46
2010-06-30,9.47,10.03,9.18,9.2,1388600,9.2
2010-07-01,9.58,9.59,9.04,9.38,1000200,9.38
2010-07-02,9.44,9.5,9.16,9.27,732300,9.27
2010-07-06,9.41,9.66,9.06,9.11,1073000,9.11
2010-07-07,9.2,9.93,9.13,9.91,1197300,9.91
2010-07-08,10.03,10.25,9.81,10.01,1028300,10.01
2010-07-09,9.95,10.55,9.95,10.54,914200,10.54
2010-07-12,10.51,10.79,10.18,10.27,958000,10.27
2010-07-13,10.41,10.6,10.29,10.52,1139700,10.52
2010-07-14,10.47,10.88,10.32,10.73,848900,10.73
2010-07-15,10.71,10.73,10.29,10.43,577700,10.43
2010-07-16,10.33,10.53,9.75,9.8,681200,9.8
2010-07-19,9.81,9.98,9.54,9.73,451000,9.73
2010-07-20,9.58,10.12,9.58,10.08,798600,10.08
2010-07-21,10.17,10.25,9.66,9.66,718400,9.66
2010-07-22,9.76,10.37,9.76,10.33,753600,10.33
2010-07-23,10.31,10.69,10.16,10.65,475100,10.65
2010-07-26,10.72,11.38,10.71,11.18,652700,11.18
2010-07-27,11.3,11.47,11.11,11.18,673900,11.18
2010-07-28,11.1,11.1,10.53,10.61,577400,10.61
2010-07-29,10.73,10.9,10.27,10.5,445400,10.5
2010-07-30,10.32,10.69,10.18,10.59,470300,10.59
2010-08-02,10.79,10.86,10.57,10.85,441700,10.85
2010-08-03,10.76,10.79,10.44,10.68,426600,10.68
2010-08-04,10.69,10.75,10.52,10.63,791400,10.63
2010-08-05,10.66,11.15,10.61,10.92,1074400,10.92
2010-08-06,10.8,11.99,10.46,11.8,1982300,11.8
2010-08-09,11.89,11.89,11.54,11.8,806500,11.8
2010-08-10,11.66,11.66,11.1,11.24,752900,11.24
2010-08-11,11.0,11.07,10.6,10.63,729300,10.63
2010-08-12,10.59,10.95,10.47,10.82,565600,10.82
2010-08-13,10.9,11.35,10.9,11.24,794000,11.24
2010-08-16,11.13,11.15,10.66,10.78,747700,10.78
2010-08-17,10.87,11.15,10.65,10.89,544200,10.89
2010-08-18,10.9,11.05,10.73,10.86,448700,10.86
2010-08-19,10.76,10.97,10.31,10.37,549700,10.37
2010-08-20,10.35,10.51,9.96,10.21,656200,10.21
2010-08-23,10.25,10.57,10.14,10.28,667500,10.28
2010-08-24,10.09,10.16,9.83,9.84,456500,9.84
2010-08-25,9.77,10.44,9.66,10.38,577400,10.38
2010-08-26,10.43,10.68,10.29,10.41,556000,10.41
2010-08-27,10.57,10.67,10.29,10.51,671200,10.51
2010-08-30,10.43,10.59,10.4,10.43,542600,10.43
2010-08-31,10.39,10.49,10.13,10.19,656100,10.19
2010-09-01,10.49,10.55,10.3,10.49,988600,10.49
2010-09-02,10.52,10.65,10.34,10.64,638700,10.64
2010-09-03,10.76,10.84,10.48,10.68,526000,10.68
2010-09-07,10.59,10.65,10.16,10.22,596400,10.22
2010-09-08,10.22,10.49,10.21,10.24,529100,10.24
2010-09-09,10.42,10.53,10.07,10.17,425500,10.17
2010-09-10,10.17,10.37,10.04,10.06,281400,10.06
2010-09-13,10.16,10.36,10.06,10.22,471900,10.22
2010-09-14,10.21,10.35,9.98,10.06,363100,10.06
2010-09-15,10.0,10.14,9.86,10.0,571300,10.0
2010-09-16,10.47,10.47,9.94,10.13,1358500,10.13
2010-09-17,10.25,10.48,9.95,10.32,1398600,10.32
2010-09-20,10.41,10.74,10.4,10.62,911800,10.62
2010-09-21,10.58,10.58,10.2,10.26,669100,10.26
2010-09-22,10.21,10.46,9.87,10.05,626400,10.05
2010-09-23,9.94,10.11,9.72,9.78,669600,9.78
2010-09-24,9.96,10.07,9.89,10.03,918000,10.03
2010-09-27,10.06,10.17,9.73,9.8,586200,9.8
2010-09-28,9.86,9.99,9.6,9.88,602500,9.88
2010-09-29,9.61,9.84,9.61,9.81,804000,9.81
2010-09-30,9.86,9.93,9.54,9.69,614200,9.69
2010-10-01,9.8,9.96,9.54,9.63,510500,9.63
2010-10-04,9.55,9.69,9.15,9.19,833200,9.19
2010-10-05,9.33,9.58,9.21,9.53,668600,9.53
2010-10-06,9.53,9.57,9.34,9.42,519800,9.42
2010-10-07,9.5,9.59,9.37,9.44,349600,9.44
2010-10-08,9.46,9.62,9.34,9.56,376700,9.56
2010-10-11,9.53,9.72,9.47,9.57,381100,9.57
2010-10-12,9.51,9.67,9.43,9.55,474500,9.55
2010-10-13,9.57,9.75,9.5,9.56,724200,9.56
2010-10-14,9.54,9.67,9.31,9.39,916800,9.39
2010-10-15,9.54,9.71,9.25,9.43,920500,9.43
2010-10-18,9.45,9.62,9.44,9.49,417100,9.49
2010-10-19,9.35,9.56,9.2,9.25,661100,9.25
2010-10-20,9.32,9.5,9.26,9.43,500300,9.43
2010-10-21,9.49,9.59,9.14,9.15,661000,9.15
2010-10-22,9.2,9.27,8.99,9.07,712900,9.07
2010-10-25,9.14,9.42,9.02,9.25,447300,9.25
2010-10-26,9.23,9.35,8.98,9.02,870500,9.02
2010-10-27,8.94,8.98,8.77,8.91,830700,8.91
2010-10-28,8.94,9.14,8.69,8.76,587000,8.76
2010-10-29,8.55,8.6,7.86,7.92,2327600,7.92
2010-11-01,7.96,7.96,7.68,7.74,1107900,7.74
2010-11-02,7.86,7.93,7.64,7.73,1256400,7.73
2010-11-03,7.77,8.22,7.72,8.09,1457600,8.09
2010-11-04,8.19,8.44,7.99,8.14,1128900,8.14
2010-11-05,8.18,8.18,7.8,7.87,1611400,7.87
2010-11-08,8.08,8.2,7.96,8.09,1160800,8.09
2010-11-09,8.06,8.1,7.9,7.9,862900,7.9
2010-11-10,7.95,8.06,7.66,8.0,1572700,8.0
2010-11-11,7.93,8.03,7.83,7.85,793400,7.85
2010-11-12,7.8,7.95,7.42,7.43,2231300,7.43
2010-11-15,7.51,7.73,7.51,7.67,872600,7.67
2010-11-16,7.64,7.7,7.35,7.39,760500,7.39
2010-11-17,7.45,7.5,7.33,7.36,465700,7.36
2010-11-18,7.43,7.48,7.34,7.39,910300,7.39
2010-11-19,7.39,7.45,7.26,7.36,535900,7.36
2010-11-22,7.3,7.35,7.02,7.18,779800,7.18
2010-11-23,7.06,7.06,6.88,6.9,564200,6.9
2010-11-24,7.0,7.06,6.77,6.83,708000,6.83
2010-11-26,6.81,6.93,6.77,6.77,406500,6.77
2010-11-29,6.77,6.84,6.58,6.72,964900,6.72
2010-11-30,6.83,8.17,6.83,8.05,3551200,8.05
2010-12-01,8.2,8.36,7.75,7.86,1481800,7.86
2010-12-02,7.84,7.96,7.77,7.93,602700,7.93
2010-12-03,7.87,8.69,7.82,8.64,1748000,8.64
2010-12-06,8.66,8.84,8.16,8.81,5346000,8.81
2010-12-07,8.85,8.9,8.66,8.71,1333200,8.71
2010-12-08,9.28,9.88,9.19,9.39,2721800,9.39
2010-12-09,9.49,9.49,8.9,9.19,1082900,9.19
2010-12-10,9.22,9.43,8.93,9.39,917700,9.39
2010-12-13,9.46,9.46,9.06,9.11,543000,9.11
2010-12-14,9.55,9.94,9.28,9.38,1596500,9.38
2010-12-15,9.74,9.78,9.33,9.33,1106200,9.33
2010-12-16,9.34,9.48,9.25,9.42,591300,9.42
2010-12-17,9.5,9.7,9.44,9.63,1192500,9.63
2010-12-20,9.64,9.74,9.49,9.59,686900,9.59
2010-12-21,9.66,9.82,9.53,9.81,568500,9.81
2010-12-22,9.87,10.09,9.85,9.91,644300,9.91
2010-12-23,9.87,9.96,9.72,9.87,285300,9.87
2010-12-27,9.62,9.89,9.55,9.82,355400,9.82
2010-12-28,9.83,9.84,9.53,9.65,411200,9.65
2010-12-29,9.73,9.84,9.55,9.79,406100,9.79
2010-12-30,9.74,10.07,9.7,10.0,446500,10.0
2010-12-31,9.96,10.07,9.89,9.96,414100,9.96
